packet_count,byte_count,switch_id,duration_sec,duration_nsec,src_ip,dst_ip,port_num,tx_bytes,rx_bytes,dt,byte_per_flow,packet_per_flow,packet_rate,packet_ins,flow_entries,tx_kbps,rx_kbps,port_bandwidth,label
2,196,1,12,314000000,10.0.0.1,10.0.0.100,0,196,196,1749596497,196,2,0.2,2,1,0.1568,0.1568,0.3136,0
2,196,1,12,312000000,10.0.0.100,10.0.0.1,0,196,196,1749596497,196,2,0.2,2,1,0.1568,0.1568,0.3136,0
2,196,3,12,313000000,10.0.0.1,10.0.0.100,0,196,196,1749596497,196,2,0.2,2,1,0.1568,0.1568,0.3136,0
2,196,3,12,312000000,10.0.0.100,10.0.0.1,0,196,196,1749596497,196,2,0.2,2,1,0.1568,0.1568,0.3136,0
1,98,1,16,244000000,10.0.0.2,10.0.0.100,0,98,98,1749596507,98,1,0.1,1,1,0.0784,0.0784,0.1568,0
1,98,1,16,240000000,10.0.0.100,10.0.0.2,0,98,98,1749596507,98,1,0.1,1,1,0.0784,0.0784,0.1568,0
1,98,3,16,243000000,10.0.0.2,10.0.0.100,0,98,98,1749596507,98,1,0.1,1,1,0.0784,0.0784,0.1568,0
1,98,3,16,242000000,10.0.0.100,10.0.0.2,0,98,98,1749596507,98,1,0.1,1,1,0.0784,0.0784,0.1568,0
2,196,1,26,246000000,10.0.0.2,10.0.0.100,0,196,196,1749596517,196,2,0.2,2,1,0.1568,0.1568,0.3136,0
2,196,1,26,242000000,10.0.0.100,10.0.0.2,0,196,196,1749596517,196,2,0.2,2,1,0.1568,0.1568,0.3136,0
2,196,3,26,245000000,10.0.0.2,10.0.0.100,0,196,196,1749596517,196,2,0.2,2,1,0.1568,0.1568,0.3136,0
2,196,3,26,244000000,10.0.0.100,10.0.0.2,0,196,196,1749596517,196,2,0.2,2,1,0.1568,0.1568,0.3136,0
2,196,3,13,110000000,10.0.0.3,10.0.0.100,0,196,196,1749596517,196,2,0.2,2,1,0.1568,0.1568,0.3136,0
2,196,3,13,110000000,10.0.0.100,10.0.0.3,0,196,196,1749596517,196,2,0.2,2,1,0.1568,0.1568,0.3136,0
2,196,2,13,111000000,10.0.0.3,10.0.0.100,0,196,196,1749596517,196,2,0.2,2,1,0.1568,0.1568,0.3136,0
2,196,2,13,109000000,10.0.0.100,10.0.0.3,0,196,196,1749596517,196,2,0.2,2,1,0.1568,0.1568,0.3136,0
1,98,1,42,321000000,10.0.0.1,10.0.0.100,0,98,98,1749596527,98,1,0.1,1,1,0.0784,0.0784,0.1568,0
1,98,1,42,319000000,10.0.0.100,10.0.0.1,0,98,98,1749596527,98,1,0.1,1,1,0.0784,0.0784,0.1568,0
1,98,1,36,249000000,10.0.0.2,10.0.0.100,0,98,98,1749596527,98,1,0.1,1,1,0.0784,0.0784,0.1568,0
1,98,1,36,245000000,10.0.0.100,10.0.0.2,0,98,98,1749596527,98,1,0.1,1,1,0.0784,0.0784,0.1568,0
3,294,2,23,114000000,10.0.0.3,10.0.0.100,0,294,294,1749596527,294,3,0.3,3,1,0.2352,0.2352,0.4704,0
3,294,2,23,112000000,10.0.0.100,10.0.0.3,0,294,294,1749596527,294,3,0.3,3,1,0.2352,0.2352,0.4704,0
1,98,3,42,320000000,10.0.0.1,10.0.0.100,0,98,98,1749596527,98,1,0.1,1,1,0.0784,0.0784,0.1568,0
1,98,3,42,319000000,10.0.0.100,10.0.0.1,0,98,98,1749596527,98,1,0.1,1,1,0.0784,0.0784,0.1568,0
1,98,3,36,248000000,10.0.0.2,10.0.0.100,0,98,98,1749596527,98,1,0.1,1,1,0.0784,0.0784,0.1568,0
1,98,3,36,247000000,10.0.0.100,10.0.0.2,0,98,98,1749596527,98,1,0.1,1,1,0.0784,0.0784,0.1568,0
3,294,3,23,113000000,10.0.0.3,10.0.0.100,0,294,294,1749596527,294,3,0.3,3,1,0.2352,0.2352,0.4704,0
3,294,3,23,113000000,10.0.0.100,10.0.0.3,0,294,294,1749596527,294,3,0.3,3,1,0.2352,0.2352,0.4704,0
1,98,1,62,343000000,10.0.0.1,10.0.0.100,0,98,98,1749596548,98,1,0.1,1,1,0.0784,0.0784,0.1568,0
1,98,1,62,341000000,10.0.0.100,10.0.0.1,0,98,98,1749596548,98,1,0.1,1,1,0.0784,0.0784,0.1568,0
2,196,1,56,271000000,10.0.0.2,10.0.0.100,0,196,196,1749596548,196,2,0.2,2,1,0.1568,0.1568,0.3136,0
2,196,1,56,267000000,10.0.0.100,10.0.0.2,0,196,196,1749596548,196,2,0.2,2,1,0.1568,0.1568,0.3136,0
51567,2784618,1,1,734000000,10.0.0.11,10.0.0.100,0,2784618,2784618,1749596548,2784618,51567,5156.7,51567,1,2227.6944,2227.6944,4455.3888,1
15123,816642,1,0,9000000,10.0.0.100,10.0.0.11,0,816642,816642,1749596548,816642,15123,1512.3,15123,1,653.3136,653.3136,1306.6272,0
49416,2668464,2,0,11000000,10.0.0.12,10.0.0.100,0,2668464,2668464,1749596549,2668464,49416,4941.6,49416,1,2134.7712,2134.7712,4269.5424,1
49417,2668518,2,0,11000000,10.0.0.13,10.0.0.100,0,2668518,2668518,1749596549,2668518,49417,4941.7,49417,1,2134.8144,2134.8144,4269.6288,1
1,98,1,72,340000000,10.0.0.1,10.0.0.100,0,98,98,1749596557,98,1,0.1,1,1,0.0784,0.0784,0.1568,0
1,98,1,72,338000000,10.0.0.100,10.0.0.1,0,98,98,1749596557,98,1,0.1,1,1,0.0784,0.0784,0.1568,0
230959,12471786,1,11,731000000,10.0.0.11,10.0.0.100,0,12471786,12471786,1749596557,12471786,230959,23095.9,230959,1,9977.4288,9977.4288,19954.8576,1
141920,7663680,1,9,342000000,10.0.0.100,10.0.0.11,0,7663680,7663680,1749596557,7663680,141920,14192.0,141920,1,6130.944,6130.944,12261.888,0
1,98,2,53,133000000,10.0.0.3,10.0.0.100,0,98,98,1749596557,98,1,0.1,1,1,0.0784,0.0784,0.1568,0
1,98,2,53,131000000,10.0.0.100,10.0.0.3,0,98,98,1749596557,98,1,0.1,1,1,0.0784,0.0784,0.1568,0
231298,12490092,2,8,343000000,10.0.0.12,10.0.0.100,0,12490092,12490092,1749596557,12490092,231298,23129.8,231298,1,9992.0736,9992.0736,19984.1472,1
231511,12501594,2,8,343000000,10.0.0.13,10.0.0.100,0,12501594,12501594,1749596557,12501594,231511,23151.1,231511,1,10001.2752,10001.2752,20002.5504,1
1,98,3,62,344000000,10.0.0.1,10.0.0.100,0,98,98,1749596563,98,1,0.1,1,1,0.0784,0.0784,0.1568,0
1,98,3,62,343000000,10.0.0.100,10.0.0.1,0,98,98,1749596563,98,1,0.1,1,1,0.0784,0.0784,0.1568,0
2,196,3,56,272000000,10.0.0.2,10.0.0.100,0,196,196,1749596563,196,2,0.2,2,1,0.1568,0.1568,0.3136,0
2,196,3,56,271000000,10.0.0.100,10.0.0.2,0,196,196,1749596563,196,2,0.2,2,1,0.1568,0.1568,0.3136,0
49775,2687850,3,0,650000000,10.0.0.11,10.0.0.100,0,2687850,2687850,1749596563,2687850,49775,4977.5,49775,1,2150.28,2150.28,4300.56,1
17231,930474,3,0,13000000,10.0.0.13,10.0.0.100,0,930474,930474,1749596563,930474,17231,1723.1,17231,1,744.3792,744.3792,1488.7584,1
17230,930420,3,0,13000000,10.0.0.12,10.0.0.100,0,930420,930420,1749596563,930420,17230,1723.0,17230,1,744.336,744.336,1488.672,1
16198,874692,3,0,0,10.0.0.100,10.0.0.11,0,874692,874692,1749596563,874692,16198,1619.8,16198,1,699.7536,699.7536,1399.5072,0
2,196,1,82,343000000,10.0.0.1,10.0.0.100,0,196,196,1749596567,196,2,0.2,2,1,0.1568,0.1568,0.3136,0
2,196,1,82,341000000,10.0.0.100,10.0.0.1,0,196,196,1749596567,196,2,0.2,2,1,0.1568,0.1568,0.3136,0
2,196,1,76,271000000,10.0.0.2,10.0.0.100,0,196,196,1749596567,196,2,0.2,2,1,0.1568,0.1568,0.3136,0
2,196,1,76,267000000,10.0.0.100,10.0.0.2,0,196,196,1749596567,196,2,0.2,2,1,0.1568,0.1568,0.3136,0
231519,12502026,1,21,734000000,10.0.0.11,10.0.0.100,0,12502026,12502026,1749596567,12502026,231519,23151.9,231519,1,10001.6208,10001.6208,20003.2416,1
7537,406998,1,19,345000000,10.0.0.100,10.0.0.11,0,406998,406998,1749596567,406998,7537,753.7,7537,1,325.5984,325.5984,651.1968,0
1,98,2,63,136000000,10.0.0.3,10.0.0.100,0,98,98,1749596567,98,1,0.1,1,1,0.0784,0.0784,0.1568,0
1,98,2,63,134000000,10.0.0.100,10.0.0.3,0,98,98,1749596567,98,1,0.1,1,1,0.0784,0.0784,0.1568,0
231518,12501972,2,18,346000000,10.0.0.12,10.0.0.100,0,12501972,12501972,1749596567,12501972,231518,23151.8,231518,1,10001.5776,10001.5776,20003.1552,1
231519,12502026,2,18,346000000,10.0.0.13,10.0.0.100,0,12502026,12502026,1749596567,12502026,231519,23151.9,231519,1,10001.6208,10001.6208,20003.2416,1
32295,1743930,2,3,992000000,10.0.0.100,10.0.0.13,0,1743930,1743930,1749596567,1743930,32295,3229.5,32295,1,1395.144,1395.144,2790.288,0
32226,1740204,2,3,992000000,10.0.0.100,10.0.0.12,0,1740204,1740204,1749596567,1740204,32226,3222.6,32226,1,1392.1632,1392.1632,2784.3264,0
1,98,3,72,339000000,10.0.0.1,10.0.0.100,0,98,98,1749596568,98,1,0.1,1,1,0.0784,0.0784,0.1568,0
1,98,3,72,338000000,10.0.0.100,10.0.0.1,0,98,98,1749596568,98,1,0.1,1,1,0.0784,0.0784,0.1568,0
1,98,3,53,132000000,10.0.0.3,10.0.0.100,0,98,98,1749596568,98,1,0.1,1,1,0.0784,0.0784,0.1568,0
1,98,3,53,132000000,10.0.0.100,10.0.0.3,0,98,98,1749596568,98,1,0.1,1,1,0.0784,0.0784,0.1568,0
230959,12471786,3,10,645000000,10.0.0.11,10.0.0.100,0,12471786,12471786,1749596568,12471786,230959,23095.9,230959,1,9977.4288,9977.4288,19954.8576,1
232535,12556890,3,0,2000000,10.0.0.13,10.0.0.100,0,12556890,12556890,1749596568,12556890,232535,23253.5,232535,1,10045.512,10045.512,20091.024,1
132610,7160940,3,0,2000000,10.0.0.100,10.0.0.11,0,7160940,7160940,1749596568,7160940,132610,13261.0,132610,1,5728.752,5728.752,11457.504,0
232322,12545388,3,0,0,10.0.0.12,10.0.0.100,0,12545388,12545388,1749596568,12545388,232322,23232.2,232322,1,10036.3104,10036.3104,20072.6208,1
2,196,3,82,343000000,10.0.0.1,10.0.0.100,0,196,196,1749596568,196,2,0.2,2,1,0.1568,0.1568,0.3136,0
2,196,3,82,342000000,10.0.0.100,10.0.0.1,0,196,196,1749596568,196,2,0.2,2,1,0.1568,0.1568,0.3136,0
2,196,3,76,271000000,10.0.0.2,10.0.0.100,0,196,196,1749596568,196,2,0.2,2,1,0.1568,0.1568,0.3136,0
2,196,3,76,270000000,10.0.0.100,10.0.0.2,0,196,196,1749596568,196,2,0.2,2,1,0.1568,0.1568,0.3136,0
1,98,3,63,136000000,10.0.0.3,10.0.0.100,0,98,98,1749596568,98,1,0.1,1,1,0.0784,0.0784,0.1568,0
1,98,3,63,136000000,10.0.0.100,10.0.0.3,0,98,98,1749596568,98,1,0.1,1,1,0.0784,0.0784,0.1568,0
231519,12502026,3,20,649000000,10.0.0.11,10.0.0.100,0,12502026,12502026,1749596568,12502026,231519,23151.9,231519,1,10001.6208,10001.6208,20003.2416,1
231519,12502026,3,4,108000000,10.0.0.13,10.0.0.100,0,12502026,12502026,1749596568,12502026,231519,23151.9,231519,1,10001.6208,10001.6208,20003.2416,1
231518,12501972,3,4,108000000,10.0.0.12,10.0.0.100,0,12501972,12501972,1749596568,12501972,231518,23151.8,231518,1,10001.5776,10001.5776,20003.1552,1
24337,1314198,3,0,4000000,10.0.0.100,10.0.0.13,0,1314198,1314198,1749596568,1314198,24337,2433.7,24337,1,1051.3584,1051.3584,2102.7168,0
25058,1353132,3,0,4000000,10.0.0.100,10.0.0.12,0,1353132,1353132,1749596568,1353132,25058,2505.8,25058,1,1082.5056,1082.5056,2165.0112,0
1,98,1,92,346000000,10.0.0.1,10.0.0.100,0,98,98,1749596577,98,1,0.1,1,1,0.0784,0.0784,0.1568,0
1,98,1,92,344000000,10.0.0.100,10.0.0.1,0,98,98,1749596577,98,1,0.1,1,1,0.0784,0.0784,0.1568,0
226337,12222198,1,31,738000000,10.0.0.11,10.0.0.100,0,12222198,12222198,1749596577,12222198,226337,22633.7,226337,1,9777.7584,9777.7584,19555.5168,1
208638,11266452,1,29,349000000,10.0.0.100,10.0.0.11,0,11266452,11266452,1749596577,11266452,208638,20863.8,208638,1,9013.1616,9013.1616,18026.3232,0
1,98,2,73,140000000,10.0.0.3,10.0.0.100,0,98,98,1749596577,98,1,0.1,1,1,0.0784,0.0784,0.1568,0
1,98,2,73,138000000,10.0.0.100,10.0.0.3,0,98,98,1749596577,98,1,0.1,1,1,0.0784,0.0784,0.1568,0
226337,12222198,2,28,350000000,10.0.0.12,10.0.0.100,0,12222198,12222198,1749596577,12222198,226337,22633.7,226337,1,9777.7584,9777.7584,19555.5168,1
226337,12222198,2,28,350000000,10.0.0.13,10.0.0.100,0,12222198,12222198,1749596577,12222198,226337,22633.7,226337,1,9777.7584,9777.7584,19555.5168,1
226131,12211074,2,13,996000000,10.0.0.100,10.0.0.13,0,12211074,12211074,1749596577,12211074,226131,22613.1,226131,1,9768.8592,9768.8592,19537.7184,0
226428,12227112,2,13,996000000,10.0.0.100,10.0.0.12,0,12227112,12227112,1749596577,12227112,226428,22642.8,226428,1,9781.6896,9781.6896,19563.3792,0
1,98,3,92,346000000,10.0.0.1,10.0.0.100,0,98,98,1749596577,98,1,0.1,1,1,0.0784,0.0784,0.1568,0
1,98,3,92,345000000,10.0.0.100,10.0.0.1,0,98,98,1749596577,98,1,0.1,1,1,0.0784,0.0784,0.1568,0
1,98,3,73,139000000,10.0.0.3,10.0.0.100,0,98,98,1749596577,98,1,0.1,1,1,0.0784,0.0784,0.1568,0
1,98,3,73,139000000,10.0.0.100,10.0.0.3,0,98,98,1749596577,98,1,0.1,1,1,0.0784,0.0784,0.1568,0
226337,12222198,3,30,652000000,10.0.0.11,10.0.0.100,0,12222198,12222198,1749596577,12222198,226337,22633.7,226337,1,9777.7584,9777.7584,19555.5168,1
226337,12222198,3,14,111000000,10.0.0.13,10.0.0.100,0,12222198,12222198,1749596577,12222198,226337,22633.7,226337,1,9777.7584,9777.7584,19555.5168,1
208638,11266452,3,14,111000000,10.0.0.100,10.0.0.11,0,11266452,11266452,1749596577,11266452,208638,20863.8,208638,1,9013.1616,9013.1616,18026.3232,0
226337,12222198,3,14,111000000,10.0.0.12,10.0.0.100,0,12222198,12222198,1749596577,12222198,226337,22633.7,226337,1,9777.7584,9777.7584,19555.5168,1
224788,12138552,3,9,259000000,10.0.0.100,10.0.0.13,0,12138552,12138552,1749596577,12138552,224788,22478.8,224788,1,9710.8416,9710.8416,19421.6832,0
225085,12154590,3,9,259000000,10.0.0.100,10.0.0.12,0,12154590,12154590,1749596577,12154590,225085,22508.5,225085,1,9723.672,9723.672,19447.344,0
2,196,1,102,347000000,10.0.0.1,10.0.0.100,0,196,196,1749596587,196,2,0.2,2,1,0.1568,0.1568,0.3136,0
2,196,1,102,345000000,10.0.0.100,10.0.0.1,0,196,196,1749596587,196,2,0.2,2,1,0.1568,0.1568,0.3136,0
1,98,1,96,275000000,10.0.0.2,10.0.0.100,0,98,98,1749596587,98,1,0.1,1,1,0.0784,0.0784,0.1568,0
1,98,1,96,271000000,10.0.0.100,10.0.0.2,0,98,98,1749596587,98,1,0.1,1,1,0.0784,0.0784,0.1568,0
231673,12510342,1,41,738000000,10.0.0.11,10.0.0.100,0,12510342,12510342,1749596587,12510342,231673,23167.3,231673,1,10008.2736,10008.2736,20016.5472,1
231673,12510342,1,39,349000000,10.0.0.100,10.0.0.11,0,12510342,12510342,1749596587,12510342,231673,23167.3,231673,1,10008.2736,10008.2736,20016.5472,0
1,98,2,83,141000000,10.0.0.3,10.0.0.100,0,98,98,1749596587,98,1,0.1,1,1,0.0784,0.0784,0.1568,0
1,98,2,83,139000000,10.0.0.100,10.0.0.3,0,98,98,1749596587,98,1,0.1,1,1,0.0784,0.0784,0.1568,0
231673,12510342,2,38,351000000,10.0.0.12,10.0.0.100,0,12510342,12510342,1749596587,12510342,231673,23167.3,231673,1,10008.2736,10008.2736,20016.5472,1
231673,12510342,2,38,351000000,10.0.0.13,10.0.0.100,0,12510342,12510342,1749596587,12510342,231673,23167.3,231673,1,10008.2736,10008.2736,20016.5472,1
231672,12510288,2,23,997000000,10.0.0.100,10.0.0.13,0,12510288,12510288,1749596587,12510288,231672,23167.2,231672,1,10008.2304,10008.2304,20016.4608,0
231673,12510342,2,23,997000000,10.0.0.100,10.0.0.12,0,12510342,12510342,1749596587,12510342,231673,23167.3,231673,1,10008.2736,10008.2736,20016.5472,0
2,196,3,102,346000000,10.0.0.1,10.0.0.100,0,196,196,1749596587,196,2,0.2,2,1,0.1568,0.1568,0.3136,0
2,196,3,102,345000000,10.0.0.100,10.0.0.1,0,196,196,1749596587,196,2,0.2,2,1,0.1568,0.1568,0.3136,0
1,98,3,96,274000000,10.0.0.2,10.0.0.100,0,98,98,1749596587,98,1,0.1,1,1,0.0784,0.0784,0.1568,0
1,98,3,96,273000000,10.0.0.100,10.0.0.2,0,98,98,1749596587,98,1,0.1,1,1,0.0784,0.0784,0.1568,0
1,98,3,83,139000000,10.0.0.3,10.0.0.100,0,98,98,1749596587,98,1,0.1,1,1,0.0784,0.0784,0.1568,0
1,98,3,83,139000000,10.0.0.100,10.0.0.3,0,98,98,1749596587,98,1,0.1,1,1,0.0784,0.0784,0.1568,0
231673,12510342,3,40,652000000,10.0.0.11,10.0.0.100,0,12510342,12510342,1749596587,12510342,231673,23167.3,231673,1,10008.2736,10008.2736,20016.5472,1
231673,12510342,3,24,111000000,10.0.0.13,10.0.0.100,0,12510342,12510342,1749596587,12510342,231673,23167.3,231673,1,10008.2736,10008.2736,20016.5472,1
231673,12510342,3,24,111000000,10.0.0.100,10.0.0.11,0,12510342,12510342,1749596587,12510342,231673,23167.3,231673,1,10008.2736,10008.2736,20016.5472,0
231673,12510342,3,24,111000000,10.0.0.12,10.0.0.100,0,12510342,12510342,1749596587,12510342,231673,23167.3,231673,1,10008.2736,10008.2736,20016.5472,1
231672,12510288,3,19,259000000,10.0.0.100,10.0.0.13,0,12510288,12510288,1749596587,12510288,231672,23167.2,231672,1,10008.2304,10008.2304,20016.4608,0
231673,12510342,3,19,259000000,10.0.0.100,10.0.0.12,0,12510342,12510342,1749596587,12510342,231673,23167.3,231673,1,10008.2736,10008.2736,20016.5472,0
1,98,1,106,276000000,10.0.0.2,10.0.0.100,0,98,98,1749596597,98,1,0.1,1,1,0.0784,0.0784,0.1568,0
1,98,1,106,272000000,10.0.0.100,10.0.0.2,0,98,98,1749596597,98,1,0.1,1,1,0.0784,0.0784,0.1568,0
231696,12511584,1,51,739000000,10.0.0.11,10.0.0.100,0,12511584,12511584,1749596597,12511584,231696,23169.6,231696,1,10009.2672,10009.2672,20018.5344,1
231696,12511584,1,49,350000000,10.0.0.100,10.0.0.11,0,12511584,12511584,1749596597,12511584,231696,23169.6,231696,1,10009.2672,10009.2672,20018.5344,0
1,98,3,106,275000000,10.0.0.2,10.0.0.100,0,98,98,1749596597,98,1,0.1,1,1,0.0784,0.0784,0.1568,0
1,98,3,106,274000000,10.0.0.100,10.0.0.2,0,98,98,1749596597,98,1,0.1,1,1,0.0784,0.0784,0.1568,0
1,98,3,93,140000000,10.0.0.3,10.0.0.100,0,98,98,1749596597,98,1,0.1,1,1,0.0784,0.0784,0.1568,0
1,98,3,93,140000000,10.0.0.100,10.0.0.3,0,98,98,1749596597,98,1,0.1,1,1,0.0784,0.0784,0.1568,0
231696,12511584,3,50,653000000,10.0.0.11,10.0.0.100,0,12511584,12511584,1749596597,12511584,231696,23169.6,231696,1,10009.2672,10009.2672,20018.5344,1
231696,12511584,3,34,112000000,10.0.0.13,10.0.0.100,0,12511584,12511584,1749596597,12511584,231696,23169.6,231696,1,10009.2672,10009.2672,20018.5344,1
231696,12511584,3,34,112000000,10.0.0.100,10.0.0.11,0,12511584,12511584,1749596597,12511584,231696,23169.6,231696,1,10009.2672,10009.2672,20018.5344,0
231696,12511584,3,34,112000000,10.0.0.12,10.0.0.100,0,12511584,12511584,1749596597,12511584,231696,23169.6,231696,1,10009.2672,10009.2672,20018.5344,1
231695,12511530,3,29,260000000,10.0.0.100,10.0.0.13,0,12511530,12511530,1749596597,12511530,231695,23169.5,231695,1,10009.224,10009.224,20018.448,0
231696,12511584,3,29,260000000,10.0.0.100,10.0.0.12,0,12511584,12511584,1749596597,12511584,231696,23169.6,231696,1,10009.2672,10009.2672,20018.5344,0
1,98,2,93,141000000,10.0.0.3,10.0.0.100,0,98,98,1749596597,98,1,0.1,1,1,0.0784,0.0784,0.1568,0
1,98,2,93,139000000,10.0.0.100,10.0.0.3,0,98,98,1749596597,98,1,0.1,1,1,0.0784,0.0784,0.1568,0
231696,12511584,2,48,351000000,10.0.0.12,10.0.0.100,0,12511584,12511584,1749596597,12511584,231696,23169.6,231696,1,10009.2672,10009.2672,20018.5344,1
231696,12511584,2,48,351000000,10.0.0.13,10.0.0.100,0,12511584,12511584,1749596597,12511584,231696,23169.6,231696,1,10009.2672,10009.2672,20018.5344,1
231695,12511530,2,33,997000000,10.0.0.100,10.0.0.13,0,12511530,12511530,1749596597,12511530,231695,23169.5,231695,1,10009.224,10009.224,20018.448,0
231696,12511584,2,33,997000000,10.0.0.100,10.0.0.12,0,12511584,12511584,1749596597,12511584,231696,23169.6,231696,1,10009.2672,10009.2672,20018.5344,0
2,196,1,122,350000000,10.0.0.1,10.0.0.100,0,196,196,1749596607,196,2,0.2,2,1,0.1568,0.1568,0.3136,0
2,196,1,122,348000000,10.0.0.100,10.0.0.1,0,196,196,1749596607,196,2,0.2,2,1,0.1568,0.1568,0.3136,0
231629,12507966,1,61,741000000,10.0.0.11,10.0.0.100,0,12507966,12507966,1749596607,12507966,231629,23162.9,231629,1,10006.3728,10006.3728,20012.7456,1
231532,12502728,1,59,352000000,10.0.0.100,10.0.0.11,0,12502728,12502728,1749596607,12502728,231532,23153.2,231532,1,10002.1824,10002.1824,20004.3648,0
231628,12507912,2,58,353000000,10.0.0.12,10.0.0.100,0,12507912,12507912,1749596607,12507912,231628,23162.8,231628,1,10006.3296,10006.3296,20012.6592,1
231629,12507966,2,58,353000000,10.0.0.13,10.0.0.100,0,12507966,12507966,1749596607,12507966,231629,23162.9,231629,1,10006.3728,10006.3728,20012.7456,1
231623,12507642,2,43,999000000,10.0.0.100,10.0.0.13,0,12507642,12507642,1749596607,12507642,231623,23162.3,231623,1,10006.1136,10006.1136,20012.2272,0
231628,12507912,2,43,999000000,10.0.0.100,10.0.0.12,0,12507912,12507912,1749596607,12507912,231628,23162.8,231628,1,10006.3296,10006.3296,20012.6592,0
2,196,3,122,349000000,10.0.0.1,10.0.0.100,0,196,196,1749596607,196,2,0.2,2,1,0.1568,0.1568,0.3136,0
2,196,3,122,348000000,10.0.0.100,10.0.0.1,0,196,196,1749596607,196,2,0.2,2,1,0.1568,0.1568,0.3136,0
231629,12507966,3,60,655000000,10.0.0.11,10.0.0.100,0,12507966,12507966,1749596607,12507966,231629,23162.9,231629,1,10006.3728,10006.3728,20012.7456,1
231629,12507966,3,44,114000000,10.0.0.13,10.0.0.100,0,12507966,12507966,1749596607,12507966,231629,23162.9,231629,1,10006.3728,10006.3728,20012.7456,1
231532,12502728,3,44,114000000,10.0.0.100,10.0.0.11,0,12502728,12502728,1749596607,12502728,231532,23153.2,231532,1,10002.1824,10002.1824,20004.3648,0
231628,12507912,3,44,114000000,10.0.0.12,10.0.0.100,0,12507912,12507912,1749596607,12507912,231628,23162.8,231628,1,10006.3296,10006.3296,20012.6592,1
231623,12507642,3,39,262000000,10.0.0.100,10.0.0.13,0,12507642,12507642,1749596607,12507642,231623,23162.3,231623,1,10006.1136,10006.1136,20012.2272,0
231628,12507912,3,39,262000000,10.0.0.100,10.0.0.12,0,12507912,12507912,1749596607,12507912,231628,23162.8,231628,1,10006.3296,10006.3296,20012.6592,0
1,98,1,132,351000000,10.0.0.1,10.0.0.100,0,98,98,1749596617,98,1,0.1,1,1,0.0784,0.0784,0.1568,0
1,98,1,132,349000000,10.0.0.100,10.0.0.1,0,98,98,1749596617,98,1,0.1,1,1,0.0784,0.0784,0.1568,0
1,98,1,126,279000000,10.0.0.2,10.0.0.100,0,98,98,1749596617,98,1,0.1,1,1,0.0784,0.0784,0.1568,0
1,98,1,126,275000000,10.0.0.100,10.0.0.2,0,98,98,1749596617,98,1,0.1,1,1,0.0784,0.0784,0.1568,0
231672,12510288,1,71,742000000,10.0.0.11,10.0.0.100,0,12510288,12510288,1749596617,12510288,231672,23167.2,231672,1,10008.2304,10008.2304,20016.4608,1
231672,12510288,1,69,353000000,10.0.0.100,10.0.0.11,0,12510288,12510288,1749596617,12510288,231672,23167.2,231672,1,10008.2304,10008.2304,20016.4608,0
2,196,2,113,144000000,10.0.0.3,10.0.0.100,0,196,196,1749596617,196,2,0.2,2,1,0.1568,0.1568,0.3136,0
2,196,2,113,142000000,10.0.0.100,10.0.0.3,0,196,196,1749596617,196,2,0.2,2,1,0.1568,0.1568,0.3136,0
231671,12510234,2,68,354000000,10.0.0.12,10.0.0.100,0,12510234,12510234,1749596617,12510234,231671,23167.1,231671,1,10008.1872,10008.1872,20016.3744,1
231670,12510180,2,68,354000000,10.0.0.13,10.0.0.100,0,12510180,12510180,1749596617,12510180,231670,23167.0,231670,1,10008.144,10008.144,20016.288,1
231665,12509910,2,54,0,10.0.0.100,10.0.0.13,0,12509910,12509910,1749596617,12509910,231665,23166.5,231665,1,10007.928,10007.928,20015.856,0
231662,12509748,2,54,0,10.0.0.100,10.0.0.12,0,12509748,12509748,1749596617,12509748,231662,23166.2,231662,1,10007.7984,10007.7984,20015.5968,0
1,98,3,132,350000000,10.0.0.1,10.0.0.100,0,98,98,1749596617,98,1,0.1,1,1,0.0784,0.0784,0.1568,0
1,98,3,132,349000000,10.0.0.100,10.0.0.1,0,98,98,1749596617,98,1,0.1,1,1,0.0784,0.0784,0.1568,0
1,98,3,126,278000000,10.0.0.2,10.0.0.100,0,98,98,1749596617,98,1,0.1,1,1,0.0784,0.0784,0.1568,0
1,98,3,126,277000000,10.0.0.100,10.0.0.2,0,98,98,1749596617,98,1,0.1,1,1,0.0784,0.0784,0.1568,0
2,196,3,113,143000000,10.0.0.3,10.0.0.100,0,196,196,1749596617,196,2,0.2,2,1,0.1568,0.1568,0.3136,0
2,196,3,113,143000000,10.0.0.100,10.0.0.3,0,196,196,1749596617,196,2,0.2,2,1,0.1568,0.1568,0.3136,0
231672,12510288,3,70,656000000,10.0.0.11,10.0.0.100,0,12510288,12510288,1749596617,12510288,231672,23167.2,231672,1,10008.2304,10008.2304,20016.4608,1
231670,12510180,3,54,115000000,10.0.0.13,10.0.0.100,0,12510180,12510180,1749596617,12510180,231670,23167.0,231670,1,10008.144,10008.144,20016.288,1
231672,12510288,3,54,115000000,10.0.0.100,10.0.0.11,0,12510288,12510288,1749596617,12510288,231672,23167.2,231672,1,10008.2304,10008.2304,20016.4608,0
231671,12510234,3,54,115000000,10.0.0.12,10.0.0.100,0,12510234,12510234,1749596617,12510234,231671,23167.1,231671,1,10008.1872,10008.1872,20016.3744,1
231665,12509910,3,49,263000000,10.0.0.100,10.0.0.13,0,12509910,12509910,1749596617,12509910,231665,23166.5,231665,1,10007.928,10007.928,20015.856,0
231662,12509748,3,49,263000000,10.0.0.100,10.0.0.12,0,12509748,12509748,1749596617,12509748,231662,23166.2,231662,1,10007.7984,10007.7984,20015.5968,0
1,98,1,142,352000000,10.0.0.1,10.0.0.100,0,98,98,1749596627,98,1,0.1,1,1,0.0784,0.0784,0.1568,0
1,98,1,142,350000000,10.0.0.100,10.0.0.1,0,98,98,1749596627,98,1,0.1,1,1,0.0784,0.0784,0.1568,0
2,196,1,136,280000000,10.0.0.2,10.0.0.100,0,196,196,1749596627,196,2,0.2,2,1,0.1568,0.1568,0.3136,0
2,196,1,136,276000000,10.0.0.100,10.0.0.2,0,196,196,1749596627,196,2,0.2,2,1,0.1568,0.1568,0.3136,0
231722,12512988,1,81,743000000,10.0.0.11,10.0.0.100,0,12512988,12512988,1749596627,12512988,231722,23172.2,231722,1,10010.3904,10010.3904,20020.7808,1
231714,12512556,1,79,354000000,10.0.0.100,10.0.0.11,0,12512556,12512556,1749596627,12512556,231714,23171.4,231714,1,10010.0448,10010.0448,20020.0896,0
1,98,3,142,351000000,10.0.0.1,10.0.0.100,0,98,98,1749596627,98,1,0.1,1,1,0.0784,0.0784,0.1568,0
1,98,3,142,350000000,10.0.0.100,10.0.0.1,0,98,98,1749596627,98,1,0.1,1,1,0.0784,0.0784,0.1568,0
2,196,3,136,279000000,10.0.0.2,10.0.0.100,0,196,196,1749596627,196,2,0.2,2,1,0.1568,0.1568,0.3136,0
2,196,3,136,278000000,10.0.0.100,10.0.0.2,0,196,196,1749596627,196,2,0.2,2,1,0.1568,0.1568,0.3136,0
231722,12512988,3,80,657000000,10.0.0.11,10.0.0.100,0,12512988,12512988,1749596627,12512988,231722,23172.2,231722,1,10010.3904,10010.3904,20020.7808,1
231722,12512988,3,64,116000000,10.0.0.13,10.0.0.100,0,12512988,12512988,1749596627,12512988,231722,23172.2,231722,1,10010.3904,10010.3904,20020.7808,1
231714,12512556,3,64,116000000,10.0.0.100,10.0.0.11,0,12512556,12512556,1749596627,12512556,231714,23171.4,231714,1,10010.0448,10010.0448,20020.0896,0
231723,12513042,3,64,116000000,10.0.0.12,10.0.0.100,0,12513042,12513042,1749596627,12513042,231723,23172.3,231723,1,10010.4336,10010.4336,20020.8672,1
231722,12512988,3,59,264000000,10.0.0.100,10.0.0.13,0,12512988,12512988,1749596627,12512988,231722,23172.2,231722,1,10010.3904,10010.3904,20020.7808,0
231723,12513042,3,59,264000000,10.0.0.100,10.0.0.12,0,12513042,12513042,1749596627,12513042,231723,23172.3,231723,1,10010.4336,10010.4336,20020.8672,0
231723,12513042,2,78,355000000,10.0.0.12,10.0.0.100,0,12513042,12513042,1749596627,12513042,231723,23172.3,231723,1,10010.4336,10010.4336,20020.8672,1
231722,12512988,2,78,355000000,10.0.0.13,10.0.0.100,0,12512988,12512988,1749596627,12512988,231722,23172.2,231722,1,10010.3904,10010.3904,20020.7808,1
231722,12512988,2,64,1000000,10.0.0.100,10.0.0.13,0,12512988,12512988,1749596627,12512988,231722,23172.2,231722,1,10010.3904,10010.3904,20020.7808,0
231723,12513042,2,64,1000000,10.0.0.100,10.0.0.12,0,12513042,12513042,1749596627,12513042,231723,23172.3,231723,1,10010.4336,10010.4336,20020.8672,0
2,196,1,152,357000000,10.0.0.1,10.0.0.100,0,196,196,1749596637,196,2,0.2,2,1,0.1568,0.1568,0.3136,0
2,196,1,152,355000000,10.0.0.100,10.0.0.1,0,196,196,1749596637,196,2,0.2,2,1,0.1568,0.1568,0.3136,0
1,98,1,146,285000000,10.0.0.2,10.0.0.100,0,98,98,1749596637,98,1,0.1,1,1,0.0784,0.0784,0.1568,0
1,98,1,146,281000000,10.0.0.100,10.0.0.2,0,98,98,1749596637,98,1,0.1,1,1,0.0784,0.0784,0.1568,0
231680,12510720,1,91,748000000,10.0.0.11,10.0.0.100,0,12510720,12510720,1749596637,12510720,231680,23168.0,231680,1,10008.576,10008.576,20017.152,1
231681,12510774,1,89,359000000,10.0.0.100,10.0.0.11,0,12510774,12510774,1749596637,12510774,231681,23168.1,231681,1,10008.6192,10008.6192,20017.2384,0
1,98,2,133,150000000,10.0.0.3,10.0.0.100,0,98,98,1749596637,98,1,0.1,1,1,0.0784,0.0784,0.1568,0
1,98,2,133,148000000,10.0.0.100,10.0.0.3,0,98,98,1749596637,98,1,0.1,1,1,0.0784,0.0784,0.1568,0
231681,12510774,2,88,360000000,10.0.0.12,10.0.0.100,0,12510774,12510774,1749596637,12510774,231681,23168.1,231681,1,10008.6192,10008.6192,20017.2384,1
231682,12510828,2,88,360000000,10.0.0.13,10.0.0.100,0,12510828,12510828,1749596637,12510828,231682,23168.2,231682,1,10008.6624,10008.6624,20017.3248,1
231682,12510828,2,74,6000000,10.0.0.100,10.0.0.13,0,12510828,12510828,1749596637,12510828,231682,23168.2,231682,1,10008.6624,10008.6624,20017.3248,0
231680,12510720,2,74,6000000,10.0.0.100,10.0.0.12,0,12510720,12510720,1749596637,12510720,231680,23168.0,231680,1,10008.576,10008.576,20017.152,0
2,196,3,152,356000000,10.0.0.1,10.0.0.100,0,196,196,1749596637,196,2,0.2,2,1,0.1568,0.1568,0.3136,0
2,196,3,152,355000000,10.0.0.100,10.0.0.1,0,196,196,1749596637,196,2,0.2,2,1,0.1568,0.1568,0.3136,0
1,98,3,146,284000000,10.0.0.2,10.0.0.100,0,98,98,1749596637,98,1,0.1,1,1,0.0784,0.0784,0.1568,0
1,98,3,146,283000000,10.0.0.100,10.0.0.2,0,98,98,1749596637,98,1,0.1,1,1,0.0784,0.0784,0.1568,0
1,98,3,133,149000000,10.0.0.3,10.0.0.100,0,98,98,1749596637,98,1,0.1,1,1,0.0784,0.0784,0.1568,0
1,98,3,133,149000000,10.0.0.100,10.0.0.3,0,98,98,1749596637,98,1,0.1,1,1,0.0784,0.0784,0.1568,0
231681,12510774,3,90,662000000,10.0.0.11,10.0.0.100,0,12510774,12510774,1749596637,12510774,231681,23168.1,231681,1,10008.6192,10008.6192,20017.2384,1
231682,12510828,3,74,121000000,10.0.0.13,10.0.0.100,0,12510828,12510828,1749596637,12510828,231682,23168.2,231682,1,10008.6624,10008.6624,20017.3248,1
231681,12510774,3,74,121000000,10.0.0.100,10.0.0.11,0,12510774,12510774,1749596637,12510774,231681,23168.1,231681,1,10008.6192,10008.6192,20017.2384,0
231681,12510774,3,74,121000000,10.0.0.12,10.0.0.100,0,12510774,12510774,1749596637,12510774,231681,23168.1,231681,1,10008.6192,10008.6192,20017.2384,1
231682,12510828,3,69,269000000,10.0.0.100,10.0.0.13,0,12510828,12510828,1749596637,12510828,231682,23168.2,231682,1,10008.6624,10008.6624,20017.3248,0
231680,12510720,3,69,269000000,10.0.0.100,10.0.0.12,0,12510720,12510720,1749596637,12510720,231680,23168.0,231680,1,10008.576,10008.576,20017.152,0
2,196,1,162,359000000,10.0.0.1,10.0.0.100,0,196,196,1749596647,196,2,0.2,2,1,0.1568,0.1568,0.3136,0
2,196,1,162,357000000,10.0.0.100,10.0.0.1,0,196,196,1749596647,196,2,0.2,2,1,0.1568,0.1568,0.3136,0
2,196,1,156,287000000,10.0.0.2,10.0.0.100,0,196,196,1749596647,196,2,0.2,2,1,0.1568,0.1568,0.3136,0
2,196,1,156,283000000,10.0.0.100,10.0.0.2,0,196,196,1749596647,196,2,0.2,2,1,0.1568,0.1568,0.3136,0
231702,12511908,1,101,750000000,10.0.0.11,10.0.0.100,0,12511908,12511908,1749596647,12511908,231702,23170.2,231702,1,10009.5264,10009.5264,20019.0528,1
231524,12502296,1,99,361000000,10.0.0.100,10.0.0.11,0,12502296,12502296,1749596647,12502296,231524,23152.4,231524,1,10001.8368,10001.8368,20003.6736,0
1,98,2,143,152000000,10.0.0.3,10.0.0.100,0,98,98,1749596647,98,1,0.1,1,1,0.0784,0.0784,0.1568,0
1,98,2,143,150000000,10.0.0.100,10.0.0.3,0,98,98,1749596647,98,1,0.1,1,1,0.0784,0.0784,0.1568,0
231702,12511908,2,98,362000000,10.0.0.12,10.0.0.100,0,12511908,12511908,1749596647,12511908,231702,23170.2,231702,1,10009.5264,10009.5264,20019.0528,1
231702,12511908,2,98,362000000,10.0.0.13,10.0.0.100,0,12511908,12511908,1749596647,12511908,231702,23170.2,231702,1,10009.5264,10009.5264,20019.0528,1
231701,12511854,2,84,8000000,10.0.0.100,10.0.0.13,0,12511854,12511854,1749596647,12511854,231701,23170.1,231701,1,10009.4832,10009.4832,20018.9664,0
231702,12511908,2,84,8000000,10.0.0.100,10.0.0.12,0,12511908,12511908,1749596647,12511908,231702,23170.2,231702,1,10009.5264,10009.5264,20019.0528,0
2,196,3,162,358000000,10.0.0.1,10.0.0.100,0,196,196,1749596647,196,2,0.2,2,1,0.1568,0.1568,0.3136,0
2,196,3,162,357000000,10.0.0.100,10.0.0.1,0,196,196,1749596647,196,2,0.2,2,1,0.1568,0.1568,0.3136,0
2,196,3,156,286000000,10.0.0.2,10.0.0.100,0,196,196,1749596647,196,2,0.2,2,1,0.1568,0.1568,0.3136,0
2,196,3,156,285000000,10.0.0.100,10.0.0.2,0,196,196,1749596647,196,2,0.2,2,1,0.1568,0.1568,0.3136,0
1,98,3,143,151000000,10.0.0.3,10.0.0.100,0,98,98,1749596647,98,1,0.1,1,1,0.0784,0.0784,0.1568,0
1,98,3,143,151000000,10.0.0.100,10.0.0.3,0,98,98,1749596647,98,1,0.1,1,1,0.0784,0.0784,0.1568,0
231701,12511854,3,100,664000000,10.0.0.11,10.0.0.100,0,12511854,12511854,1749596647,12511854,231701,23170.1,231701,1,10009.4832,10009.4832,20018.9664,1
231702,12511908,3,84,123000000,10.0.0.13,10.0.0.100,0,12511908,12511908,1749596647,12511908,231702,23170.2,231702,1,10009.5264,10009.5264,20019.0528,1
231524,12502296,3,84,123000000,10.0.0.100,10.0.0.11,0,12502296,12502296,1749596647,12502296,231524,23152.4,231524,1,10001.8368,10001.8368,20003.6736,0
231702,12511908,3,84,123000000,10.0.0.12,10.0.0.100,0,12511908,12511908,1749596647,12511908,231702,23170.2,231702,1,10009.5264,10009.5264,20019.0528,1
231701,12511854,3,79,271000000,10.0.0.100,10.0.0.13,0,12511854,12511854,1749596647,12511854,231701,23170.1,231701,1,10009.4832,10009.4832,20018.9664,0
231702,12511908,3,79,271000000,10.0.0.100,10.0.0.12,0,12511908,12511908,1749596647,12511908,231702,23170.2,231702,1,10009.5264,10009.5264,20019.0528,0
1,98,1,172,361000000,10.0.0.1,10.0.0.100,0,98,98,1749596657,98,1,0.1,1,1,0.0784,0.0784,0.1568,0
1,98,1,172,359000000,10.0.0.100,10.0.0.1,0,98,98,1749596657,98,1,0.1,1,1,0.0784,0.0784,0.1568,0
1,98,1,166,289000000,10.0.0.2,10.0.0.100,0,98,98,1749596657,98,1,0.1,1,1,0.0784,0.0784,0.1568,0
1,98,1,166,285000000,10.0.0.100,10.0.0.2,0,98,98,1749596657,98,1,0.1,1,1,0.0784,0.0784,0.1568,0
231661,12509694,1,111,752000000,10.0.0.11,10.0.0.100,0,12509694,12509694,1749596657,12509694,231661,23166.1,231661,1,10007.7552,10007.7552,20015.5104,1
231661,12509694,1,109,363000000,10.0.0.100,10.0.0.11,0,12509694,12509694,1749596657,12509694,231661,23166.1,231661,1,10007.7552,10007.7552,20015.5104,0
1,98,3,172,360000000,10.0.0.1,10.0.0.100,0,98,98,1749596657,98,1,0.1,1,1,0.0784,0.0784,0.1568,0
1,98,3,172,359000000,10.0.0.100,10.0.0.1,0,98,98,1749596657,98,1,0.1,1,1,0.0784,0.0784,0.1568,0
1,98,3,166,288000000,10.0.0.2,10.0.0.100,0,98,98,1749596657,98,1,0.1,1,1,0.0784,0.0784,0.1568,0
1,98,3,166,287000000,10.0.0.100,10.0.0.2,0,98,98,1749596657,98,1,0.1,1,1,0.0784,0.0784,0.1568,0
1,98,3,153,153000000,10.0.0.3,10.0.0.100,0,98,98,1749596657,98,1,0.1,1,1,0.0784,0.0784,0.1568,0
1,98,3,153,153000000,10.0.0.100,10.0.0.3,0,98,98,1749596657,98,1,0.1,1,1,0.0784,0.0784,0.1568,0
231661,12509694,3,110,666000000,10.0.0.11,10.0.0.100,0,12509694,12509694,1749596657,12509694,231661,23166.1,231661,1,10007.7552,10007.7552,20015.5104,1
231660,12509640,3,94,125000000,10.0.0.13,10.0.0.100,0,12509640,12509640,1749596657,12509640,231660,23166.0,231660,1,10007.712,10007.712,20015.424,1
231661,12509694,3,94,125000000,10.0.0.100,10.0.0.11,0,12509694,12509694,1749596657,12509694,231661,23166.1,231661,1,10007.7552,10007.7552,20015.5104,0
231660,12509640,3,94,125000000,10.0.0.12,10.0.0.100,0,12509640,12509640,1749596657,12509640,231660,23166.0,231660,1,10007.712,10007.712,20015.424,1
231660,12509640,3,89,273000000,10.0.0.100,10.0.0.13,0,12509640,12509640,1749596657,12509640,231660,23166.0,231660,1,10007.712,10007.712,20015.424,0
231660,12509640,3,89,273000000,10.0.0.100,10.0.0.12,0,12509640,12509640,1749596657,12509640,231660,23166.0,231660,1,10007.712,10007.712,20015.424,0
1,98,2,153,154000000,10.0.0.3,10.0.0.100,0,98,98,1749596657,98,1,0.1,1,1,0.0784,0.0784,0.1568,0
1,98,2,153,152000000,10.0.0.100,10.0.0.3,0,98,98,1749596657,98,1,0.1,1,1,0.0784,0.0784,0.1568,0
231660,12509640,2,108,364000000,10.0.0.12,10.0.0.100,0,12509640,12509640,1749596657,12509640,231660,23166.0,231660,1,10007.712,10007.712,20015.424,1
231660,12509640,2,108,364000000,10.0.0.13,10.0.0.100,0,12509640,12509640,1749596657,12509640,231660,23166.0,231660,1,10007.712,10007.712,20015.424,1
231660,12509640,2,94,10000000,10.0.0.100,10.0.0.13,0,12509640,12509640,1749596657,12509640,231660,23166.0,231660,1,10007.712,10007.712,20015.424,0
231660,12509640,2,94,10000000,10.0.0.100,10.0.0.12,0,12509640,12509640,1749596657,12509640,231660,23166.0,231660,1,10007.712,10007.712,20015.424,0
1,98,1,182,362000000,10.0.0.1,10.0.0.100,0,98,98,1749596667,98,1,0.1,1,1,0.0784,0.0784,0.1568,0
1,98,1,182,360000000,10.0.0.100,10.0.0.1,0,98,98,1749596667,98,1,0.1,1,1,0.0784,0.0784,0.1568,0
239765,12510462,1,121,753000000,10.0.0.11,10.0.0.100,0,12510462,12510462,1749596667,12510462,239765,23976.5,239765,1,10008.3696,10008.3696,20016.7392,1
203368,10981984,1,119,364000000,10.0.0.100,10.0.0.11,0,10981984,10981984,1749596667,10981984,203368,20336.8,203368,1,8785.5872,8785.5872,17571.1744,0
1,98,3,182,361000000,10.0.0.1,10.0.0.100,0,98,98,1749596667,98,1,0.1,1,1,0.0784,0.0784,0.1568,0
1,98,3,182,360000000,10.0.0.100,10.0.0.1,0,98,98,1749596667,98,1,0.1,1,1,0.0784,0.0784,0.1568,0
1,98,3,163,154000000,10.0.0.3,10.0.0.100,0,98,98,1749596667,98,1,0.1,1,1,0.0784,0.0784,0.1568,0
1,98,3,163,154000000,10.0.0.100,10.0.0.3,0,98,98,1749596667,98,1,0.1,1,1,0.0784,0.0784,0.1568,0
239765,12510462,3,120,667000000,10.0.0.11,10.0.0.100,0,12510462,12510462,1749596667,12510462,239765,23976.5,239765,1,10008.3696,10008.3696,20016.7392,1
235423,12510510,3,104,126000000,10.0.0.13,10.0.0.100,0,12510510,12510510,1749596667,12510510,235423,23542.3,235423,1,10008.408,10008.408,20016.816,1
203368,10981984,3,104,126000000,10.0.0.100,10.0.0.11,0,10981984,10981984,1749596667,10981984,203368,20336.8,203368,1,8785.5872,8785.5872,17571.1744,0
237491,12510486,3,104,126000000,10.0.0.12,10.0.0.100,0,12510486,12510486,1749596667,12510486,237491,23749.1,237491,1,10008.3888,10008.3888,20016.7776,1
218569,11802838,3,99,274000000,10.0.0.100,10.0.0.13,0,11802838,11802838,1749596667,11802838,218569,21856.9,218569,1,9442.2704,9442.2704,18884.5408,0
211329,11411878,3,99,274000000,10.0.0.100,10.0.0.12,0,11411878,11411878,1749596667,11411878,211329,21132.9,211329,1,9129.5024,9129.5024,18259.0048,0
1,98,2,163,155000000,10.0.0.3,10.0.0.100,0,98,98,1749596667,98,1,0.1,1,1,0.0784,0.0784,0.1568,0
1,98,2,163,153000000,10.0.0.100,10.0.0.3,0,98,98,1749596667,98,1,0.1,1,1,0.0784,0.0784,0.1568,0
237491,12510486,2,118,365000000,10.0.0.12,10.0.0.100,0,12510486,12510486,1749596667,12510486,237491,23749.1,237491,1,10008.3888,10008.3888,20016.7776,1
235423,12510510,2,118,365000000,10.0.0.13,10.0.0.100,0,12510510,12510510,1749596667,12510510,235423,23542.3,235423,1,10008.408,10008.408,20016.816,1
218569,11802838,2,104,11000000,10.0.0.100,10.0.0.13,0,11802838,11802838,1749596667,11802838,218569,21856.9,218569,1,9442.2704,9442.2704,18884.5408,0
211329,11411878,2,104,11000000,10.0.0.100,10.0.0.12,0,11411878,11411878,1749596667,11411878,211329,21132.9,211329,1,9129.5024,9129.5024,18259.0048,0
1,98,1,186,291000000,10.0.0.2,10.0.0.100,0,98,98,1749596677,98,1,0.1,1,1,0.0784,0.0784,0.1568,0
1,98,1,186,287000000,10.0.0.100,10.0.0.2,0,98,98,1749596677,98,1,0.1,1,1,0.0784,0.0784,0.1568,0
272096,12509664,1,131,754000000,10.0.0.11,10.0.0.100,0,12509664,12509664,1749596677,12509664,272096,27209.6,272096,1,10007.7312,10007.7312,20015.4624,1
90147,4868114,1,129,365000000,10.0.0.100,10.0.0.11,0,4868114,4868114,1749596677,4868114,90147,9014.7,90147,1,3894.4912,3894.4912,7788.9824,0
1,98,3,186,290000000,10.0.0.2,10.0.0.100,0,98,98,1749596677,98,1,0.1,1,1,0.0784,0.0784,0.1568,0
1,98,3,186,289000000,10.0.0.100,10.0.0.2,0,98,98,1749596677,98,1,0.1,1,1,0.0784,0.0784,0.1568,0
272096,12509664,3,130,668000000,10.0.0.11,10.0.0.100,0,12509664,12509664,1749596677,12509664,272096,27209.6,272096,1,10007.7312,10007.7312,20015.4624,1
250299,12509658,3,114,127000000,10.0.0.13,10.0.0.100,0,12509658,12509658,1749596677,12509658,250299,25029.9,250299,1,10007.7264,10007.7264,20015.4528,1
90147,4868114,3,114,127000000,10.0.0.100,10.0.0.11,0,4868114,4868114,1749596677,4868114,90147,9014.7,90147,1,3894.4912,3894.4912,7788.9824,0
260773,12509694,3,114,127000000,10.0.0.12,10.0.0.100,0,12509694,12509694,1749596677,12509694,260773,26077.3,260773,1,10007.7552,10007.7552,20015.5104,1
166435,8987650,3,109,275000000,10.0.0.100,10.0.0.13,0,8987650,8987650,1749596677,8987650,166435,16643.5,166435,1,7190.12,7190.12,14380.24,0
129780,7008296,3,109,275000000,10.0.0.100,10.0.0.12,0,7008296,7008296,1749596677,7008296,129780,12978.0,129780,1,5606.6368,5606.6368,11213.2736,0
260773,12509694,2,128,366000000,10.0.0.12,10.0.0.100,0,12509694,12509694,1749596677,12509694,260773,26077.3,260773,1,10007.7552,10007.7552,20015.5104,1
250299,12509658,2,128,366000000,10.0.0.13,10.0.0.100,0,12509658,12509658,1749596677,12509658,250299,25029.9,250299,1,10007.7264,10007.7264,20015.4528,1
166435,8987650,2,114,12000000,10.0.0.100,10.0.0.13,0,8987650,8987650,1749596677,8987650,166435,16643.5,166435,1,7190.12,7190.12,14380.24,0
129780,7008296,2,114,12000000,10.0.0.100,10.0.0.12,0,7008296,7008296,1749596677,7008296,129780,12978.0,129780,1,5606.6368,5606.6368,11213.2736,0
272094,12509808,1,141,755000000,10.0.0.11,10.0.0.100,0,12509808,12509808,1749596687,12509808,272094,27209.4,272094,1,10007.8464,10007.8464,20015.6928,1
90165,4869070,1,139,366000000,10.0.0.100,10.0.0.11,0,4869070,4869070,1749596687,4869070,90165,9016.5,90165,1,3895.256,3895.256,7790.512,0
260731,12509814,2,138,368000000,10.0.0.12,10.0.0.100,0,12509814,12509814,1749596687,12509814,260731,26073.1,260731,1,10007.8512,10007.8512,20015.7024,1
250314,12509832,2,138,368000000,10.0.0.13,10.0.0.100,0,12509832,12509832,1749596687,12509832,250314,25031.4,250314,1,10007.8656,10007.8656,20015.7312,1
166397,8985614,2,124,14000000,10.0.0.100,10.0.0.13,0,8985614,8985614,1749596687,8985614,166397,16639.7,166397,1,7188.4912,7188.4912,14376.9824,0
129936,7016704,2,124,14000000,10.0.0.100,10.0.0.12,0,7016704,7016704,1749596687,7016704,129936,12993.6,129936,1,5613.3632,5613.3632,11226.7264,0
272094,12509808,3,140,670000000,10.0.0.11,10.0.0.100,0,12509808,12509808,1749596687,12509808,272094,27209.4,272094,1,10007.8464,10007.8464,20015.6928,1
250313,12509778,3,124,129000000,10.0.0.13,10.0.0.100,0,12509778,12509778,1749596687,12509778,250313,25031.3,250313,1,10007.8224,10007.8224,20015.6448,1
90165,4869070,3,124,129000000,10.0.0.100,10.0.0.11,0,4869070,4869070,1749596687,4869070,90165,9016.5,90165,1,3895.256,3895.256,7790.512,0
260731,12509814,3,124,129000000,10.0.0.12,10.0.0.100,0,12509814,12509814,1749596687,12509814,260731,26073.1,260731,1,10007.8512,10007.8512,20015.7024,1
166397,8985614,3,119,277000000,10.0.0.100,10.0.0.13,0,8985614,8985614,1749596687,8985614,166397,16639.7,166397,1,7188.4912,7188.4912,14376.9824,0
129936,7016704,3,119,277000000,10.0.0.100,10.0.0.12,0,7016704,7016704,1749596687,7016704,129936,12993.6,129936,1,5613.3632,5613.3632,11226.7264,0
1,98,1,212,365000000,10.0.0.1,10.0.0.100,0,98,98,1749596697,98,1,0.1,1,1,0.0784,0.0784,0.1568,0
1,98,1,212,363000000,10.0.0.100,10.0.0.1,0,98,98,1749596697,98,1,0.1,1,1,0.0784,0.0784,0.1568,0
1,98,1,206,293000000,10.0.0.2,10.0.0.100,0,98,98,1749596697,98,1,0.1,1,1,0.0784,0.0784,0.1568,0
1,98,1,206,289000000,10.0.0.100,10.0.0.2,0,98,98,1749596697,98,1,0.1,1,1,0.0784,0.0784,0.1568,0
272055,12508950,1,151,756000000,10.0.0.11,10.0.0.100,0,12508950,12508950,1749596697,12508950,272055,27205.5,272055,1,10007.16,10007.16,20014.32,1
90230,4872580,1,149,367000000,10.0.0.100,10.0.0.11,0,4872580,4872580,1749596697,4872580,90230,9023.0,90230,1,3898.064,3898.064,7796.128,0
1,98,3,212,364000000,10.0.0.1,10.0.0.100,0,98,98,1749596697,98,1,0.1,1,1,0.0784,0.0784,0.1568,0
1,98,3,212,363000000,10.0.0.100,10.0.0.1,0,98,98,1749596697,98,1,0.1,1,1,0.0784,0.0784,0.1568,0
1,98,3,206,292000000,10.0.0.2,10.0.0.100,0,98,98,1749596697,98,1,0.1,1,1,0.0784,0.0784,0.1568,0
1,98,3,206,291000000,10.0.0.100,10.0.0.2,0,98,98,1749596697,98,1,0.1,1,1,0.0784,0.0784,0.1568,0
1,98,3,193,157000000,10.0.0.3,10.0.0.100,0,98,98,1749596697,98,1,0.1,1,1,0.0784,0.0784,0.1568,0
1,98,3,193,157000000,10.0.0.100,10.0.0.3,0,98,98,1749596697,98,1,0.1,1,1,0.0784,0.0784,0.1568,0
272055,12508950,3,150,670000000,10.0.0.11,10.0.0.100,0,12508950,12508950,1749596697,12508950,272055,27205.5,272055,1,10007.16,10007.16,20014.32,1
250285,12508950,3,134,129000000,10.0.0.13,10.0.0.100,0,12508950,12508950,1749596697,12508950,250285,25028.5,250285,1,10007.16,10007.16,20014.32,1
90230,4872580,3,134,129000000,10.0.0.100,10.0.0.11,0,4872580,4872580,1749596697,4872580,90230,9023.0,90230,1,3898.064,3898.064,7796.128,0
260750,12508884,3,134,129000000,10.0.0.12,10.0.0.100,0,12508884,12508884,1749596697,12508884,260750,26075.0,260750,1,10007.1072,10007.1072,20014.2144,1
166425,8987110,3,129,277000000,10.0.0.100,10.0.0.13,0,8987110,8987110,1749596697,8987110,166425,16642.5,166425,1,7189.688,7189.688,14379.376,0
129792,7008928,3,129,277000000,10.0.0.100,10.0.0.12,0,7008928,7008928,1749596697,7008928,129792,12979.2,129792,1,5607.1424,5607.1424,11214.2848,0
1,98,2,193,158000000,10.0.0.3,10.0.0.100,0,98,98,1749596697,98,1,0.1,1,1,0.0784,0.0784,0.1568,0
1,98,2,193,156000000,10.0.0.100,10.0.0.3,0,98,98,1749596697,98,1,0.1,1,1,0.0784,0.0784,0.1568,0
260750,12508884,2,148,368000000,10.0.0.12,10.0.0.100,0,12508884,12508884,1749596697,12508884,260750,26075.0,260750,1,10007.1072,10007.1072,20014.2144,1
250284,12508896,2,148,368000000,10.0.0.13,10.0.0.100,0,12508896,12508896,1749596697,12508896,250284,25028.4,250284,1,10007.1168,10007.1168,20014.2336,1
166425,8987110,2,134,14000000,10.0.0.100,10.0.0.13,0,8987110,8987110,1749596697,8987110,166425,16642.5,166425,1,7189.688,7189.688,14379.376,0
129792,7008928,2,134,14000000,10.0.0.100,10.0.0.12,0,7008928,7008928,1749596697,7008928,129792,12979.2,129792,1,5607.1424,5607.1424,11214.2848,0
1,98,1,222,366000000,10.0.0.1,10.0.0.100,0,98,98,1749596707,98,1,0.1,1,1,0.0784,0.0784,0.1568,0
1,98,1,222,364000000,10.0.0.100,10.0.0.1,0,98,98,1749596707,98,1,0.1,1,1,0.0784,0.0784,0.1568,0
2,196,1,216,294000000,10.0.0.2,10.0.0.100,0,196,196,1749596707,196,2,0.2,2,1,0.1568,0.1568,0.3136,0
2,196,1,216,290000000,10.0.0.100,10.0.0.2,0,196,196,1749596707,196,2,0.2,2,1,0.1568,0.1568,0.3136,0
272118,12510912,1,161,757000000,10.0.0.11,10.0.0.100,0,12510912,12510912,1749596707,12510912,272118,27211.8,272118,1,10008.7296,10008.7296,20017.4592,1
90173,4869502,1,159,368000000,10.0.0.100,10.0.0.11,0,4869502,4869502,1749596707,4869502,90173,9017.3,90173,1,3895.6016,3895.6016,7791.2032,0
1,98,2,203,159000000,10.0.0.3,10.0.0.100,0,98,98,1749596707,98,1,0.1,1,1,0.0784,0.0784,0.1568,0
1,98,2,203,157000000,10.0.0.100,10.0.0.3,0,98,98,1749596707,98,1,0.1,1,1,0.0784,0.0784,0.1568,0
260798,12510996,2,158,369000000,10.0.0.12,10.0.0.100,0,12510996,12510996,1749596707,12510996,260798,26079.8,260798,1,10008.7968,10008.7968,20017.5936,1
250334,12510972,2,158,369000000,10.0.0.13,10.0.0.100,0,12510972,12510972,1749596707,12510972,250334,25033.4,250334,1,10008.7776,10008.7776,20017.5552,1
166422,8986948,2,144,15000000,10.0.0.100,10.0.0.13,0,8986948,8986948,1749596707,8986948,166422,16642.2,166422,1,7189.5584,7189.5584,14379.1168,0
129800,7009360,2,144,15000000,10.0.0.100,10.0.0.12,0,7009360,7009360,1749596707,7009360,129800,12980.0,129800,1,5607.488,5607.488,11214.976,0
1,98,3,222,365000000,10.0.0.1,10.0.0.100,0,98,98,1749596707,98,1,0.1,1,1,0.0784,0.0784,0.1568,0
1,98,3,222,364000000,10.0.0.100,10.0.0.1,0,98,98,1749596707,98,1,0.1,1,1,0.0784,0.0784,0.1568,0
2,196,3,216,293000000,10.0.0.2,10.0.0.100,0,196,196,1749596707,196,2,0.2,2,1,0.1568,0.1568,0.3136,0
2,196,3,216,292000000,10.0.0.100,10.0.0.2,0,196,196,1749596707,196,2,0.2,2,1,0.1568,0.1568,0.3136,0
1,98,3,203,158000000,10.0.0.3,10.0.0.100,0,98,98,1749596707,98,1,0.1,1,1,0.0784,0.0784,0.1568,0
1,98,3,203,158000000,10.0.0.100,10.0.0.3,0,98,98,1749596707,98,1,0.1,1,1,0.0784,0.0784,0.1568,0
272118,12510912,3,160,671000000,10.0.0.11,10.0.0.100,0,12510912,12510912,1749596707,12510912,272118,27211.8,272118,1,10008.7296,10008.7296,20017.4592,1
250334,12510972,3,144,130000000,10.0.0.13,10.0.0.100,0,12510972,12510972,1749596707,12510972,250334,25033.4,250334,1,10008.7776,10008.7776,20017.5552,1
90174,4869556,3,144,130000000,10.0.0.100,10.0.0.11,0,4869556,4869556,1749596707,4869556,90174,9017.4,90174,1,3895.6448,3895.6448,7791.2896,0
260798,12510996,3,144,130000000,10.0.0.12,10.0.0.100,0,12510996,12510996,1749596707,12510996,260798,26079.8,260798,1,10008.7968,10008.7968,20017.5936,1
166422,8986948,3,139,278000000,10.0.0.100,10.0.0.13,0,8986948,8986948,1749596707,8986948,166422,16642.2,166422,1,7189.5584,7189.5584,14379.1168,0
129800,7009360,3,139,278000000,10.0.0.100,10.0.0.12,0,7009360,7009360,1749596707,7009360,129800,12980.0,129800,1,5607.488,5607.488,11214.976,0
1,98,1,232,366000000,10.0.0.1,10.0.0.100,0,98,98,1749596717,98,1,0.1,1,1,0.0784,0.0784,0.1568,0
1,98,1,232,364000000,10.0.0.100,10.0.0.1,0,98,98,1749596717,98,1,0.1,1,1,0.0784,0.0784,0.1568,0
1,98,1,226,294000000,10.0.0.2,10.0.0.100,0,98,98,1749596717,98,1,0.1,1,1,0.0784,0.0784,0.1568,0
1,98,1,226,290000000,10.0.0.100,10.0.0.2,0,98,98,1749596717,98,1,0.1,1,1,0.0784,0.0784,0.1568,0
272130,12511260,1,171,757000000,10.0.0.11,10.0.0.100,0,12511260,12511260,1749596717,12511260,272130,27213.0,272130,1,10009.008,10009.008,20018.016,1
90160,4868800,1,169,368000000,10.0.0.100,10.0.0.11,0,4868800,4868800,1749596717,4868800,90160,9016.0,90160,1,3895.04,3895.04,7790.08,0
1,98,2,213,160000000,10.0.0.3,10.0.0.100,0,98,98,1749596717,98,1,0.1,1,1,0.0784,0.0784,0.1568,0
1,98,2,213,158000000,10.0.0.100,10.0.0.3,0,98,98,1749596717,98,1,0.1,1,1,0.0784,0.0784,0.1568,0
260796,12511260,2,168,370000000,10.0.0.12,10.0.0.100,0,12511260,12511260,1749596717,12511260,260796,26079.6,260796,1,10009.008,10009.008,20018.016,1
250354,12511248,2,168,370000000,10.0.0.13,10.0.0.100,0,12511248,12511248,1749596717,12511248,250354,25035.4,250354,1,10008.9984,10008.9984,20017.9968,1
166375,8984410,2,154,16000000,10.0.0.100,10.0.0.13,0,8984410,8984410,1749596717,8984410,166375,16637.5,166375,1,7187.528,7187.528,14375.056,0
129829,7010926,2,154,16000000,10.0.0.100,10.0.0.12,0,7010926,7010926,1749596717,7010926,129829,12982.9,129829,1,5608.7408,5608.7408,11217.4816,0
1,98,3,232,366000000,10.0.0.1,10.0.0.100,0,98,98,1749596717,98,1,0.1,1,1,0.0784,0.0784,0.1568,0
1,98,3,232,365000000,10.0.0.100,10.0.0.1,0,98,98,1749596717,98,1,0.1,1,1,0.0784,0.0784,0.1568,0
1,98,3,226,294000000,10.0.0.2,10.0.0.100,0,98,98,1749596717,98,1,0.1,1,1,0.0784,0.0784,0.1568,0
1,98,3,226,293000000,10.0.0.100,10.0.0.2,0,98,98,1749596717,98,1,0.1,1,1,0.0784,0.0784,0.1568,0
1,98,3,213,159000000,10.0.0.3,10.0.0.100,0,98,98,1749596717,98,1,0.1,1,1,0.0784,0.0784,0.1568,0
1,98,3,213,159000000,10.0.0.100,10.0.0.3,0,98,98,1749596717,98,1,0.1,1,1,0.0784,0.0784,0.1568,0
272130,12511260,3,170,672000000,10.0.0.11,10.0.0.100,0,12511260,12511260,1749596717,12511260,272130,27213.0,272130,1,10009.008,10009.008,20018.016,1
250353,12511206,3,154,131000000,10.0.0.13,10.0.0.100,0,12511206,12511206,1749596717,12511206,250353,25035.3,250353,1,10008.9648,10008.9648,20017.9296,1
90159,4868746,3,154,131000000,10.0.0.100,10.0.0.11,0,4868746,4868746,1749596717,4868746,90159,9015.9,90159,1,3894.9968,3894.9968,7789.9936,0
260796,12511260,3,154,131000000,10.0.0.12,10.0.0.100,0,12511260,12511260,1749596717,12511260,260796,26079.6,260796,1,10009.008,10009.008,20018.016,1
166375,8984410,3,149,279000000,10.0.0.100,10.0.0.13,0,8984410,8984410,1749596717,8984410,166375,16637.5,166375,1,7187.528,7187.528,14375.056,0
129828,7010872,3,149,279000000,10.0.0.100,10.0.0.12,0,7010872,7010872,1749596717,7010872,129828,12982.8,129828,1,5608.6976,5608.6976,11217.3952,0
1,98,2,223,161000000,10.0.0.3,10.0.0.100,0,98,98,1749596727,98,1,0.1,1,1,0.0784,0.0784,0.1568,0
1,98,2,223,159000000,10.0.0.100,10.0.0.3,0,98,98,1749596727,98,1,0.1,1,1,0.0784,0.0784,0.1568,0
260763,12510222,2,178,371000000,10.0.0.12,10.0.0.100,0,12510222,12510222,1749596727,12510222,260763,26076.3,260763,1,10008.1776,10008.1776,20016.3552,1
250321,12510210,2,178,371000000,10.0.0.13,10.0.0.100,0,12510210,12510210,1749596727,12510210,250321,25032.1,250321,1,10008.168,10008.168,20016.336,1
166404,8985976,2,164,17000000,10.0.0.100,10.0.0.13,0,8985976,8985976,1749596727,8985976,166404,16640.4,166404,1,7188.7808,7188.7808,14377.5616,0
129858,7012492,2,164,17000000,10.0.0.100,10.0.0.12,0,7012492,7012492,1749596727,7012492,129858,12985.8,129858,1,5609.9936,5609.9936,11219.9872,0
1,98,1,242,368000000,10.0.0.1,10.0.0.100,0,98,98,1749596727,98,1,0.1,1,1,0.0784,0.0784,0.1568,0
1,98,1,242,366000000,10.0.0.100,10.0.0.1,0,98,98,1749596727,98,1,0.1,1,1,0.0784,0.0784,0.1568,0
1,98,1,236,296000000,10.0.0.2,10.0.0.100,0,98,98,1749596727,98,1,0.1,1,1,0.0784,0.0784,0.1568,0
1,98,1,236,292000000,10.0.0.100,10.0.0.2,0,98,98,1749596727,98,1,0.1,1,1,0.0784,0.0784,0.1568,0
272094,12510216,1,181,759000000,10.0.0.11,10.0.0.100,0,12510216,12510216,1749596727,12510216,272094,27209.4,272094,1,10008.1728,10008.1728,20016.3456,1
90199,4870906,1,179,370000000,10.0.0.100,10.0.0.11,0,4870906,4870906,1749596727,4870906,90199,9019.9,90199,1,3896.7248,3896.7248,7793.4496,0
1,98,3,242,367000000,10.0.0.1,10.0.0.100,0,98,98,1749596727,98,1,0.1,1,1,0.0784,0.0784,0.1568,0
1,98,3,242,366000000,10.0.0.100,10.0.0.1,0,98,98,1749596727,98,1,0.1,1,1,0.0784,0.0784,0.1568,0
1,98,3,236,295000000,10.0.0.2,10.0.0.100,0,98,98,1749596727,98,1,0.1,1,1,0.0784,0.0784,0.1568,0
1,98,3,236,294000000,10.0.0.100,10.0.0.2,0,98,98,1749596727,98,1,0.1,1,1,0.0784,0.0784,0.1568,0
1,98,3,223,160000000,10.0.0.3,10.0.0.100,0,98,98,1749596727,98,1,0.1,1,1,0.0784,0.0784,0.1568,0
1,98,3,223,160000000,10.0.0.100,10.0.0.3,0,98,98,1749596727,98,1,0.1,1,1,0.0784,0.0784,0.1568,0
272094,12510216,3,180,673000000,10.0.0.11,10.0.0.100,0,12510216,12510216,1749596727,12510216,272094,27209.4,272094,1,10008.1728,10008.1728,20016.3456,1
250322,12510252,3,164,132000000,10.0.0.13,10.0.0.100,0,12510252,12510252,1749596727,12510252,250322,25032.2,250322,1,10008.2016,10008.2016,20016.4032,1
90200,4870960,3,164,132000000,10.0.0.100,10.0.0.11,0,4870960,4870960,1749596727,4870960,90200,9020.0,90200,1,3896.768,3896.768,7793.536,0
260763,12510222,3,164,132000000,10.0.0.12,10.0.0.100,0,12510222,12510222,1749596727,12510222,260763,26076.3,260763,1,10008.1776,10008.1776,20016.3552,1
166404,8985976,3,159,280000000,10.0.0.100,10.0.0.13,0,8985976,8985976,1749596727,8985976,166404,16640.4,166404,1,7188.7808,7188.7808,14377.5616,0
129859,7012546,3,159,280000000,10.0.0.100,10.0.0.12,0,7012546,7012546,1749596727,7012546,129859,12985.9,129859,1,5610.0368,5610.0368,11220.0736,0
1,98,1,252,369000000,10.0.0.1,10.0.0.100,0,98,98,1749596737,98,1,0.1,1,1,0.0784,0.0784,0.1568,0
1,98,1,252,367000000,10.0.0.100,10.0.0.1,0,98,98,1749596737,98,1,0.1,1,1,0.0784,0.0784,0.1568,0
1,98,1,246,297000000,10.0.0.2,10.0.0.100,0,98,98,1749596737,98,1,0.1,1,1,0.0784,0.0784,0.1568,0
1,98,1,246,293000000,10.0.0.100,10.0.0.2,0,98,98,1749596737,98,1,0.1,1,1,0.0784,0.0784,0.1568,0
272119,12509562,1,191,760000000,10.0.0.11,10.0.0.100,0,12509562,12509562,1749596737,12509562,272119,27211.9,272119,1,10007.6496,10007.6496,20015.2992,1
90058,4863292,1,189,371000000,10.0.0.100,10.0.0.11,0,4863292,4863292,1749596737,4863292,90058,9005.8,90058,1,3890.6336,3890.6336,7781.2672,0
1,98,2,233,162000000,10.0.0.3,10.0.0.100,0,98,98,1749596737,98,1,0.1,1,1,0.0784,0.0784,0.1568,0
1,98,2,233,160000000,10.0.0.100,10.0.0.3,0,98,98,1749596737,98,1,0.1,1,1,0.0784,0.0784,0.1568,0
260792,12509460,2,188,372000000,10.0.0.12,10.0.0.100,0,12509460,12509460,1749596737,12509460,260792,26079.2,260792,1,10007.568,10007.568,20015.136,1
250320,12509520,2,188,372000000,10.0.0.13,10.0.0.100,0,12509520,12509520,1749596737,12509520,250320,25032.0,250320,1,10007.616,10007.616,20015.232,1
166349,8983006,2,174,18000000,10.0.0.100,10.0.0.13,0,8983006,8983006,1749596737,8983006,166349,16634.9,166349,1,7186.4048,7186.4048,14372.8096,0
129693,7003582,2,174,18000000,10.0.0.100,10.0.0.12,0,7003582,7003582,1749596737,7003582,129693,12969.3,129693,1,5602.8656,5602.8656,11205.7312,0
1,98,3,252,368000000,10.0.0.1,10.0.0.100,0,98,98,1749596737,98,1,0.1,1,1,0.0784,0.0784,0.1568,0
1,98,3,252,367000000,10.0.0.100,10.0.0.1,0,98,98,1749596737,98,1,0.1,1,1,0.0784,0.0784,0.1568,0
1,98,3,246,296000000,10.0.0.2,10.0.0.100,0,98,98,1749596737,98,1,0.1,1,1,0.0784,0.0784,0.1568,0
1,98,3,246,295000000,10.0.0.100,10.0.0.2,0,98,98,1749596737,98,1,0.1,1,1,0.0784,0.0784,0.1568,0
1,98,3,233,161000000,10.0.0.3,10.0.0.100,0,98,98,1749596737,98,1,0.1,1,1,0.0784,0.0784,0.1568,0
1,98,3,233,161000000,10.0.0.100,10.0.0.3,0,98,98,1749596737,98,1,0.1,1,1,0.0784,0.0784,0.1568,0
272120,12509616,3,190,674000000,10.0.0.11,10.0.0.100,0,12509616,12509616,1749596737,12509616,272120,27212.0,272120,1,10007.6928,10007.6928,20015.3856,1
250319,12509466,3,174,133000000,10.0.0.13,10.0.0.100,0,12509466,12509466,1749596737,12509466,250319,25031.9,250319,1,10007.5728,10007.5728,20015.1456,1
90057,4863238,3,174,133000000,10.0.0.100,10.0.0.11,0,4863238,4863238,1749596737,4863238,90057,9005.7,90057,1,3890.5904,3890.5904,7781.1808,0
260792,12509460,3,174,133000000,10.0.0.12,10.0.0.100,0,12509460,12509460,1749596737,12509460,260792,26079.2,260792,1,10007.568,10007.568,20015.136,1
166350,8983060,3,169,281000000,10.0.0.100,10.0.0.13,0,8983060,8983060,1749596737,8983060,166350,16635.0,166350,1,7186.448,7186.448,14372.896,0
129693,7003582,3,169,281000000,10.0.0.100,10.0.0.12,0,7003582,7003582,1749596737,7003582,129693,12969.3,129693,1,5602.8656,5602.8656,11205.7312,0
1,98,1,262,372000000,10.0.0.1,10.0.0.100,0,98,98,1749596747,98,1,0.1,1,1,0.0784,0.0784,0.1568,0
1,98,1,262,370000000,10.0.0.100,10.0.0.1,0,98,98,1749596747,98,1,0.1,1,1,0.0784,0.0784,0.1568,0
272027,12507714,1,201,763000000,10.0.0.11,10.0.0.100,0,12507714,12507714,1749596747,12507714,272027,27202.7,272027,1,10006.1712,10006.1712,20012.3424,1
90224,4872256,1,199,374000000,10.0.0.100,10.0.0.11,0,4872256,4872256,1749596747,4872256,90224,9022.4,90224,1,3897.8048,3897.8048,7795.6096,0
260720,12507684,2,198,375000000,10.0.0.12,10.0.0.100,0,12507684,12507684,1749596747,12507684,260720,26072.0,260720,1,10006.1472,10006.1472,20012.2944,1
250284,12507624,2,198,375000000,10.0.0.13,10.0.0.100,0,12507624,12507624,1749596747,12507624,250284,25028.4,250284,1,10006.0992,10006.0992,20012.1984,1
166319,8981386,2,184,21000000,10.0.0.100,10.0.0.13,0,8981386,8981386,1749596747,8981386,166319,16631.9,166319,1,7185.1088,7185.1088,14370.2176,0
129797,7009198,2,184,21000000,10.0.0.100,10.0.0.12,0,7009198,7009198,1749596747,7009198,129797,12979.7,129797,1,5607.3584,5607.3584,11214.7168,0
1,98,3,262,371000000,10.0.0.1,10.0.0.100,0,98,98,1749596747,98,1,0.1,1,1,0.0784,0.0784,0.1568,0
1,98,3,262,370000000,10.0.0.100,10.0.0.1,0,98,98,1749596747,98,1,0.1,1,1,0.0784,0.0784,0.1568,0
272026,12507660,3,200,677000000,10.0.0.11,10.0.0.100,0,12507660,12507660,1749596747,12507660,272026,27202.6,272026,1,10006.128,10006.128,20012.256,1
250285,12507678,3,184,136000000,10.0.0.13,10.0.0.100,0,12507678,12507678,1749596747,12507678,250285,25028.5,250285,1,10006.1424,10006.1424,20012.2848,1
90224,4872256,3,184,136000000,10.0.0.100,10.0.0.11,0,4872256,4872256,1749596747,4872256,90224,9022.4,90224,1,3897.8048,3897.8048,7795.6096,0
260720,12507684,3,184,136000000,10.0.0.12,10.0.0.100,0,12507684,12507684,1749596747,12507684,260720,26072.0,260720,1,10006.1472,10006.1472,20012.2944,1
166318,8981332,3,179,284000000,10.0.0.100,10.0.0.13,0,8981332,8981332,1749596747,8981332,166318,16631.8,166318,1,7185.0656,7185.0656,14370.1312,0
129797,7009198,3,179,284000000,10.0.0.100,10.0.0.12,0,7009198,7009198,1749596747,7009198,129797,12979.7,129797,1,5607.3584,5607.3584,11214.7168,0
271906,12509956,1,211,764000000,10.0.0.11,10.0.0.100,0,12509956,12509956,1749596757,12509956,271906,27190.6,271906,1,10007.9648,10007.9648,20015.9296,1
90267,4881398,1,209,375000000,10.0.0.100,10.0.0.11,0,4881398,4881398,1749596757,4881398,90267,9026.7,90267,1,3905.1184,3905.1184,7810.2368,0
271906,12509956,3,210,678000000,10.0.0.11,10.0.0.100,0,12509956,12509956,1749596757,12509956,271906,27190.6,271906,1,10007.9648,10007.9648,20015.9296,1
249903,12509954,3,194,137000000,10.0.0.13,10.0.0.100,0,12509954,12509954,1749596757,12509954,249903,24990.3,249903,1,10007.9632,10007.9632,20015.9264,1
90267,4881398,3,194,137000000,10.0.0.100,10.0.0.11,0,4881398,4881398,1749596757,4881398,90267,9026.7,90267,1,3905.1184,3905.1184,7810.2368,0
260772,12509976,3,194,137000000,10.0.0.12,10.0.0.100,0,12509976,12509976,1749596757,12509976,260772,26077.2,260772,1,10007.9808,10007.9808,20015.9616,1
166291,8998530,3,189,285000000,10.0.0.100,10.0.0.13,0,8998530,8998530,1749596757,8998530,166291,16629.1,166291,1,7198.824,7198.824,14397.648,0
129805,7009630,3,189,285000000,10.0.0.100,10.0.0.12,0,7009630,7009630,1749596757,7009630,129805,12980.5,129805,1,5607.704,5607.704,11215.408,0
260772,12509976,2,208,376000000,10.0.0.12,10.0.0.100,0,12509976,12509976,1749596757,12509976,260772,26077.2,260772,1,10007.9808,10007.9808,20015.9616,1
249903,12509954,2,208,376000000,10.0.0.13,10.0.0.100,0,12509954,12509954,1749596757,12509954,249903,24990.3,249903,1,10007.9632,10007.9632,20015.9264,1
166291,8998530,2,194,22000000,10.0.0.100,10.0.0.13,0,8998530,8998530,1749596757,8998530,166291,16629.1,166291,1,7198.824,7198.824,14397.648,0
129805,7009630,2,194,22000000,10.0.0.100,10.0.0.12,0,7009630,7009630,1749596757,7009630,129805,12980.5,129805,1,5607.704,5607.704,11215.408,0
271200,12508312,1,221,765000000,10.0.0.11,10.0.0.100,0,12508312,12508312,1749596767,12508312,271200,27120.0,271200,1,10006.6496,10006.6496,20013.2992,1
90324,4911800,1,219,376000000,10.0.0.100,10.0.0.11,0,4911800,4911800,1749596767,4911800,90324,9032.4,90324,1,3929.44,3929.44,7858.88,0
1,98,3,263,166000000,10.0.0.3,10.0.0.100,0,98,98,1749596767,98,1,0.1,1,1,0.0784,0.0784,0.1568,0
1,98,3,263,166000000,10.0.0.100,10.0.0.3,0,98,98,1749596767,98,1,0.1,1,1,0.0784,0.0784,0.1568,0
271200,12508312,3,220,679000000,10.0.0.11,10.0.0.100,0,12508312,12508312,1749596767,12508312,271200,27120.0,271200,1,10006.6496,10006.6496,20013.2992,1
248262,12508356,3,204,138000000,10.0.0.13,10.0.0.100,0,12508356,12508356,1749596767,12508356,248262,24826.2,248262,1,10006.6848,10006.6848,20013.3696,1
90324,4911800,3,204,138000000,10.0.0.100,10.0.0.11,0,4911800,4911800,1749596767,4911800,90324,9032.4,90324,1,3929.44,3929.44,7858.88,0
260736,12508320,3,204,138000000,10.0.0.12,10.0.0.100,0,12508320,12508320,1749596767,12508320,260736,26073.6,260736,1,10006.656,10006.656,20013.312,1
165657,9039226,3,199,286000000,10.0.0.100,10.0.0.13,0,9039226,9039226,1749596767,9039226,165657,16565.7,165657,1,7231.3808,7231.3808,14462.7616,0
129795,7009090,3,199,286000000,10.0.0.100,10.0.0.12,0,7009090,7009090,1749596767,7009090,129795,12979.5,129795,1,5607.272,5607.272,11214.544,0
1,98,2,263,167000000,10.0.0.3,10.0.0.100,0,98,98,1749596767,98,1,0.1,1,1,0.0784,0.0784,0.1568,0
1,98,2,263,165000000,10.0.0.100,10.0.0.3,0,98,98,1749596767,98,1,0.1,1,1,0.0784,0.0784,0.1568,0
260736,12508320,2,218,377000000,10.0.0.12,10.0.0.100,0,12508320,12508320,1749596767,12508320,260736,26073.6,260736,1,10006.656,10006.656,20013.312,1
248262,12508356,2,218,377000000,10.0.0.13,10.0.0.100,0,12508356,12508356,1749596767,12508356,248262,24826.2,248262,1,10006.6848,10006.6848,20013.3696,1
165657,9039226,2,204,23000000,10.0.0.100,10.0.0.13,0,9039226,9039226,1749596767,9039226,165657,16565.7,165657,1,7231.3808,7231.3808,14462.7616,0
129795,7009090,2,204,23000000,10.0.0.100,10.0.0.12,0,7009090,7009090,1749596767,7009090,129795,12979.5,129795,1,5607.272,5607.272,11214.544,0
2,196,1,292,375000000,10.0.0.1,10.0.0.100,0,196,196,1749596777,196,2,0.2,2,1,0.1568,0.1568,0.3136,0
2,196,1,292,373000000,10.0.0.100,10.0.0.1,0,196,196,1749596777,196,2,0.2,2,1,0.1568,0.1568,0.3136,0
1,98,1,286,303000000,10.0.0.2,10.0.0.100,0,98,98,1749596777,98,1,0.1,1,1,0.0784,0.0784,0.1568,0
1,98,1,286,299000000,10.0.0.100,10.0.0.2,0,98,98,1749596777,98,1,0.1,1,1,0.0784,0.0784,0.1568,0
271182,12508740,1,231,766000000,10.0.0.11,10.0.0.100,0,12508740,12508740,1749596777,12508740,271182,27118.2,271182,1,10006.992,10006.992,20013.984,1
90419,4916974,1,229,377000000,10.0.0.100,10.0.0.11,0,4916974,4916974,1749596777,4916974,90419,9041.9,90419,1,3933.5792,3933.5792,7867.1584,0
2,196,2,273,168000000,10.0.0.3,10.0.0.100,0,196,196,1749596777,196,2,0.2,2,1,0.1568,0.1568,0.3136,0
2,196,2,273,166000000,10.0.0.100,10.0.0.3,0,196,196,1749596777,196,2,0.2,2,1,0.1568,0.1568,0.3136,0
260763,12508710,2,228,378000000,10.0.0.12,10.0.0.100,0,12508710,12508710,1749596777,12508710,260763,26076.3,260763,1,10006.968,10006.968,20013.936,1
248259,12508734,2,228,378000000,10.0.0.13,10.0.0.100,0,12508734,12508734,1749596777,12508734,248259,24825.9,248259,1,10006.9872,10006.9872,20013.9744,1
165688,9041032,2,214,24000000,10.0.0.100,10.0.0.13,0,9041032,9041032,1749596777,9041032,165688,16568.8,165688,1,7232.8256,7232.8256,14465.6512,0
129732,7005688,2,214,24000000,10.0.0.100,10.0.0.12,0,7005688,7005688,1749596777,7005688,129732,12973.2,129732,1,5604.5504,5604.5504,11209.1008,0
2,196,3,292,374000000,10.0.0.1,10.0.0.100,0,196,196,1749596777,196,2,0.2,2,1,0.1568,0.1568,0.3136,0
2,196,3,292,373000000,10.0.0.100,10.0.0.1,0,196,196,1749596777,196,2,0.2,2,1,0.1568,0.1568,0.3136,0
1,98,3,286,302000000,10.0.0.2,10.0.0.100,0,98,98,1749596777,98,1,0.1,1,1,0.0784,0.0784,0.1568,0
1,98,3,286,301000000,10.0.0.100,10.0.0.2,0,98,98,1749596777,98,1,0.1,1,1,0.0784,0.0784,0.1568,0
2,196,3,273,167000000,10.0.0.3,10.0.0.100,0,196,196,1749596777,196,2,0.2,2,1,0.1568,0.1568,0.3136,0
2,196,3,273,167000000,10.0.0.100,10.0.0.3,0,196,196,1749596777,196,2,0.2,2,1,0.1568,0.1568,0.3136,0
271182,12508740,3,230,680000000,10.0.0.11,10.0.0.100,0,12508740,12508740,1749596777,12508740,271182,27118.2,271182,1,10006.992,10006.992,20013.984,1
248259,12508734,3,214,139000000,10.0.0.13,10.0.0.100,0,12508734,12508734,1749596777,12508734,248259,24825.9,248259,1,10006.9872,10006.9872,20013.9744,1
90419,4916974,3,214,139000000,10.0.0.100,10.0.0.11,0,4916974,4916974,1749596777,4916974,90419,9041.9,90419,1,3933.5792,3933.5792,7867.1584,0
260763,12508710,3,214,139000000,10.0.0.12,10.0.0.100,0,12508710,12508710,1749596777,12508710,260763,26076.3,260763,1,10006.968,10006.968,20013.936,1
165688,9041032,3,209,287000000,10.0.0.100,10.0.0.13,0,9041032,9041032,1749596777,9041032,165688,16568.8,165688,1,7232.8256,7232.8256,14465.6512,0
129732,7005688,3,209,287000000,10.0.0.100,10.0.0.12,0,7005688,7005688,1749596777,7005688,129732,12973.2,129732,1,5604.5504,5604.5504,11209.1008,0
2,196,1,302,375000000,10.0.0.1,10.0.0.100,0,196,196,1749596787,196,2,0.2,2,1,0.1568,0.1568,0.3136,0
2,196,1,302,373000000,10.0.0.100,10.0.0.1,0,196,196,1749596787,196,2,0.2,2,1,0.1568,0.1568,0.3136,0
271261,12512522,1,241,766000000,10.0.0.11,10.0.0.100,0,12512522,12512522,1749596787,12512522,271261,27126.1,271261,1,10010.0176,10010.0176,20020.0352,1
90454,4918908,1,239,377000000,10.0.0.100,10.0.0.11,0,4918908,4918908,1749596787,4918908,90454,9045.4,90454,1,3935.1264,3935.1264,7870.2528,0
2,196,3,302,374000000,10.0.0.1,10.0.0.100,0,196,196,1749596787,196,2,0.2,2,1,0.1568,0.1568,0.3136,0
2,196,3,302,373000000,10.0.0.100,10.0.0.1,0,196,196,1749596787,196,2,0.2,2,1,0.1568,0.1568,0.3136,0
1,98,3,283,167000000,10.0.0.3,10.0.0.100,0,98,98,1749596787,98,1,0.1,1,1,0.0784,0.0784,0.1568,0
1,98,3,283,167000000,10.0.0.100,10.0.0.3,0,98,98,1749596787,98,1,0.1,1,1,0.0784,0.0784,0.1568,0
271261,12512522,3,240,680000000,10.0.0.11,10.0.0.100,0,12512522,12512522,1749596787,12512522,271261,27126.1,271261,1,10010.0176,10010.0176,20020.0352,1
250147,12512562,3,224,139000000,10.0.0.13,10.0.0.100,0,12512562,12512562,1749596787,12512562,250147,25014.7,250147,1,10010.0496,10010.0496,20020.0992,1
90454,4918908,3,224,139000000,10.0.0.100,10.0.0.11,0,4918908,4918908,1749596787,4918908,90454,9045.4,90454,1,3935.1264,3935.1264,7870.2528,0
260836,12512568,3,224,139000000,10.0.0.12,10.0.0.100,0,12512568,12512568,1749596787,12512568,260836,26083.6,260836,1,10010.0544,10010.0544,20020.1088,1
166329,8992486,3,219,287000000,10.0.0.100,10.0.0.13,0,8992486,8992486,1749596787,8992486,166329,16632.9,166329,1,7193.9888,7193.9888,14387.9776,0
129798,7009252,3,219,287000000,10.0.0.100,10.0.0.12,0,7009252,7009252,1749596787,7009252,129798,12979.8,129798,1,5607.4016,5607.4016,11214.8032,0
1,98,2,283,168000000,10.0.0.3,10.0.0.100,0,98,98,1749596787,98,1,0.1,1,1,0.0784,0.0784,0.1568,0
1,98,2,283,166000000,10.0.0.100,10.0.0.3,0,98,98,1749596787,98,1,0.1,1,1,0.0784,0.0784,0.1568,0
260836,12512568,2,238,378000000,10.0.0.12,10.0.0.100,0,12512568,12512568,1749596787,12512568,260836,26083.6,260836,1,10010.0544,10010.0544,20020.1088,1
250147,12512562,2,238,378000000,10.0.0.13,10.0.0.100,0,12512562,12512562,1749596787,12512562,250147,25014.7,250147,1,10010.0496,10010.0496,20020.0992,1
166329,8992486,2,224,24000000,10.0.0.100,10.0.0.13,0,8992486,8992486,1749596787,8992486,166329,16632.9,166329,1,7193.9888,7193.9888,14387.9776,0
129798,7009252,2,224,24000000,10.0.0.100,10.0.0.12,0,7009252,7009252,1749596787,7009252,129798,12979.8,129798,1,5607.4016,5607.4016,11214.8032,0
271271,12510038,1,251,771000000,10.0.0.11,10.0.0.100,0,12510038,12510038,1749596797,12510038,271271,27127.1,271271,1,10008.0304,10008.0304,20016.0608,1
90245,4907226,1,249,382000000,10.0.0.100,10.0.0.11,0,4907226,4907226,1749596797,4907226,90245,9024.5,90245,1,3925.7808,3925.7808,7851.5616,0
271271,12510038,3,250,685000000,10.0.0.11,10.0.0.100,0,12510038,12510038,1749596797,12510038,271271,27127.1,271271,1,10008.0304,10008.0304,20016.0608,1
250391,12510090,3,234,144000000,10.0.0.13,10.0.0.100,0,12510090,12510090,1749596797,12510090,250391,25039.1,250391,1,10008.072,10008.072,20016.144,1
90245,4907226,3,234,144000000,10.0.0.100,10.0.0.11,0,4907226,4907226,1749596797,4907226,90245,9024.5,90245,1,3925.7808,3925.7808,7851.5616,0
260791,12510102,3,234,144000000,10.0.0.12,10.0.0.100,0,12510102,12510102,1749596797,12510102,260791,26079.1,260791,1,10008.0816,10008.0816,20016.1632,1
166149,8972206,3,229,292000000,10.0.0.100,10.0.0.13,0,8972206,8972206,1749596797,8972206,166149,16614.9,166149,1,7177.7648,7177.7648,14355.5296,0
129750,7006660,3,229,292000000,10.0.0.100,10.0.0.12,0,7006660,7006660,1749596797,7006660,129750,12975.0,129750,1,5605.328,5605.328,11210.656,0
260791,12510102,2,248,383000000,10.0.0.12,10.0.0.100,0,12510102,12510102,1749596797,12510102,260791,26079.1,260791,1,10008.0816,10008.0816,20016.1632,1
250391,12510090,2,248,383000000,10.0.0.13,10.0.0.100,0,12510090,12510090,1749596797,12510090,250391,25039.1,250391,1,10008.072,10008.072,20016.144,1
166149,8972206,2,234,29000000,10.0.0.100,10.0.0.13,0,8972206,8972206,1749596797,8972206,166149,16614.9,166149,1,7177.7648,7177.7648,14355.5296,0
129750,7006660,2,234,29000000,10.0.0.100,10.0.0.12,0,7006660,7006660,1749596797,7006660,129750,12975.0,129750,1,5605.328,5605.328,11210.656,0
271332,12511416,1,261,773000000,10.0.0.11,10.0.0.100,0,12511416,12511416,1749596807,12511416,271332,27133.2,271332,1,10009.1328,10009.1328,20018.2656,1
90139,4901590,1,259,384000000,10.0.0.100,10.0.0.11,0,4901590,4901590,1749596807,4901590,90139,9013.9,90139,1,3921.272,3921.272,7842.544,0
260836,12511368,2,258,385000000,10.0.0.12,10.0.0.100,0,12511368,12511368,1749596807,12511368,260836,26083.6,260836,1,10009.0944,10009.0944,20018.1888,1
250426,12511452,2,258,385000000,10.0.0.13,10.0.0.100,0,12511452,12511452,1749596807,12511452,250426,25042.6,250426,1,10009.1616,10009.1616,20018.3232,1
166139,8971666,2,244,31000000,10.0.0.100,10.0.0.13,0,8971666,8971666,1749596807,8971666,166139,16613.9,166139,1,7177.3328,7177.3328,14354.6656,0
129698,7003852,2,244,31000000,10.0.0.100,10.0.0.12,0,7003852,7003852,1749596807,7003852,129698,12969.8,129698,1,5603.0816,5603.0816,11206.1632,0
271332,12511416,3,260,687000000,10.0.0.11,10.0.0.100,0,12511416,12511416,1749596807,12511416,271332,27133.2,271332,1,10009.1328,10009.1328,20018.2656,1
250425,12511398,3,244,146000000,10.0.0.13,10.0.0.100,0,12511398,12511398,1749596807,12511398,250425,25042.5,250425,1,10009.1184,10009.1184,20018.2368,1
90139,4901590,3,244,146000000,10.0.0.100,10.0.0.11,0,4901590,4901590,1749596807,4901590,90139,9013.9,90139,1,3921.272,3921.272,7842.544,0
260836,12511368,3,244,146000000,10.0.0.12,10.0.0.100,0,12511368,12511368,1749596807,12511368,260836,26083.6,260836,1,10009.0944,10009.0944,20018.1888,1
166140,8971720,3,239,294000000,10.0.0.100,10.0.0.13,0,8971720,8971720,1749596807,8971720,166140,16614.0,166140,1,7177.376,7177.376,14354.752,0
129698,7003852,3,239,294000000,10.0.0.100,10.0.0.12,0,7003852,7003852,1749596807,7003852,129698,12969.8,129698,1,5603.0816,5603.0816,11206.1632,0
271229,12510062,1,271,775000000,10.0.0.11,10.0.0.100,0,12510062,12510062,1749596817,12510062,271229,27122.9,271229,1,10008.0496,10008.0496,20016.0992,1
90372,4914348,1,269,386000000,10.0.0.100,10.0.0.11,0,4914348,4914348,1749596817,4914348,90372,9037.2,90372,1,3931.4784,3931.4784,7862.9568,0
260807,12510102,2,268,387000000,10.0.0.12,10.0.0.100,0,12510102,12510102,1749596817,12510102,260807,26080.7,260807,1,10008.0816,10008.0816,20016.1632,1
250352,12510012,2,268,387000000,10.0.0.13,10.0.0.100,0,12510012,12510012,1749596817,12510012,250352,25035.2,250352,1,10008.0096,10008.0096,20016.0192,1
166280,8979280,2,254,33000000,10.0.0.100,10.0.0.13,0,8979280,8979280,1749596817,8979280,166280,16628.0,166280,1,7183.424,7183.424,14366.848,0
129694,7003636,2,254,33000000,10.0.0.100,10.0.0.12,0,7003636,7003636,1749596817,7003636,129694,12969.4,129694,1,5602.9088,5602.9088,11205.8176,0
271229,12510062,3,270,689000000,10.0.0.11,10.0.0.100,0,12510062,12510062,1749596817,12510062,271229,27122.9,271229,1,10008.0496,10008.0496,20016.0992,1
250353,12510066,3,254,148000000,10.0.0.13,10.0.0.100,0,12510066,12510066,1749596817,12510066,250353,25035.3,250353,1,10008.0528,10008.0528,20016.1056,1
90372,4914348,3,254,148000000,10.0.0.100,10.0.0.11,0,4914348,4914348,1749596817,4914348,90372,9037.2,90372,1,3931.4784,3931.4784,7862.9568,0
260807,12510102,3,254,148000000,10.0.0.12,10.0.0.100,0,12510102,12510102,1749596817,12510102,260807,26080.7,260807,1,10008.0816,10008.0816,20016.1632,1
166279,8979226,3,249,296000000,10.0.0.100,10.0.0.13,0,8979226,8979226,1749596817,8979226,166279,16627.9,166279,1,7183.3808,7183.3808,14366.7616,0
129694,7003636,3,249,296000000,10.0.0.100,10.0.0.12,0,7003636,7003636,1749596817,7003636,129694,12969.4,129694,1,5602.9088,5602.9088,11205.8176,0
262707,12594150,2,278,393000000,10.0.0.12,10.0.0.100,0,12594150,12594150,1749596827,12594150,262707,26270.7,262707,1,10075.32,10075.32,20150.64,1
252044,12594156,2,278,393000000,10.0.0.13,10.0.0.100,0,12594156,12594156,1749596827,12594156,252044,25204.4,252044,1,10075.3248,10075.3248,20150.6496,1
167369,9038086,2,264,39000000,10.0.0.100,10.0.0.13,0,9038086,9038086,1749596827,9038086,167369,16736.9,167369,1,7230.4688,7230.4688,14460.9376,0
130048,7022752,2,264,39000000,10.0.0.100,10.0.0.12,0,7022752,7022752,1749596827,7022752,130048,13004.8,130048,1,5618.2016,5618.2016,11236.4032,0
273889,12594166,1,281,781000000,10.0.0.11,10.0.0.100,0,12594166,12594166,1749596827,12594166,273889,27388.9,273889,1,10075.3328,10075.3328,20150.6656,1
90192,4877744,1,279,392000000,10.0.0.100,10.0.0.11,0,4877744,4877744,1749596827,4877744,90192,9019.2,90192,1,3902.1952,3902.1952,7804.3904,0
273889,12594166,3,280,695000000,10.0.0.11,10.0.0.100,0,12594166,12594166,1749596827,12594166,273889,27388.9,273889,1,10075.3328,10075.3328,20150.6656,1
252044,12594156,3,264,154000000,10.0.0.13,10.0.0.100,0,12594156,12594156,1749596827,12594156,252044,25204.4,252044,1,10075.3248,10075.3248,20150.6496,1
90311,4884170,3,264,154000000,10.0.0.100,10.0.0.11,0,4884170,4884170,1749596827,4884170,90311,9031.1,90311,1,3907.336,3907.336,7814.672,0
262707,12594150,3,264,154000000,10.0.0.12,10.0.0.100,0,12594150,12594150,1749596827,12594150,262707,26270.7,262707,1,10075.32,10075.32,20150.64,1
167369,9038086,3,259,302000000,10.0.0.100,10.0.0.13,0,9038086,9038086,1749596827,9038086,167369,16736.9,167369,1,7230.4688,7230.4688,14460.9376,0
130048,7022752,3,259,302000000,10.0.0.100,10.0.0.12,0,7022752,7022752,1749596827,7022752,130048,13004.8,130048,1,5618.2016,5618.2016,11236.4032,0
